-0.169242783635855,-0.189161112904549,-0.14867245759815,-0.156406027264893,-0.0237556289881468,0.077935479581356,0.0345450658351183,0.134543812274933,0.113356651784852,0.194638360664248,0.211572186416015,0.332933868467808,0.187057196488604,0.21582867235411,0.254560891631991,0.365877426881343,0.376976955216378,0.439191755186766,0.452346741966903,0.462145520094782,0.531330264545977,0.434446528367698,0.399736251868308,0.26991310142912,0.157239384949207,0.175546758808196,0.16125451431144,0.235290635377169,0.268759632762522,0.262173097959021,0.1976677775383,0.132465558312833,0.102348788669769,0.0355369905009866,-0.168648216035217,-0.0807524626143277,-0.078745623677969,0.0129557425621897,-0.0185605460777879,0.0191609792411327,0.0373348481953144,0.10540088659036,0.126636272296309,0.167847180180252,0.177013203751994,0.182905939593911,0.174003345891833,0.119255915284157,0.125031770765781,0.0651482027955353,0.0817943889647722,0.206205366551876,0.170239552110434,0.332919062487781,0.209128260053694,0.1607307869941,0.128477248037234,0.183654922246933,0.147670785617083,0.164588045701385,0.0932859003078192,0.0953513763844967,0.248905144678429,0.15981728695333,0.23087828620337,0.14298755209893,0.174184608832002,0.114276812365279,0.16068307608366,0.0345407080836594,-0.0162996381521225,-0.246776016429067,-0.302729976177216,-0.254125731438398,-0.263624724000692,-0.164689467474818,-0.189858043938875,-0.0183088071644306,-0.0214656289666891,0.0537287373095751,0.00446457788348198,-0.0416155867278576,-0.0268298912793398,-0.0189379280433059,-0.10736252553761,-0.155709896609187,-0.155323007889092,-0.0180151559412479,-0.0324692510999739,0.143603973835707,0.0980091388570145,0.246346980985254,0.165679646085482,0.0686833627987653,0.100559102371335,0.0879981478326954,0.0890841384418309,0.0840423370245844,0.141620323248208,0.136879747081548,0.208446401357651,0.247886825725436,0.322045791521668,0.393416529893875,0.338964259065688,0.342650462314486,0.273260495439172,0.31905338447541,0.343903198093176,0.406681807804853,0.396293951477855,0.442829117784277,0.370874609425664,0.267911485489458,0.253155665285885,0.217470566462725,0.343796144705266,0.362604889040813,0.426942156255245,0.396230931766331,0.391190994903445,0.40546715259552,0.361757877096534,0.398671298846602,0.373111522570252,0.393617292167619,0.385947513068095,0.367404299974442,0.409095845371485,0.256417518015951,0.188860379438847,0.119590100366622,0.207525713695213,0.239563127420843,0.263113415800035,0.296529619768262,0.310896845161915,0.361961637437344,0.365160584822297,0.297617473360151,0.31696523349965,0.200388343329541,0.0623821759363636,0.0421063733054325,-0.047263958118856,-0.0153718899935484,0.0148932117968798,0.0416524766013026,0.0862449233070947,0.103869763948023,0.143010373599827,0.175653837993741,0.112815765477717,0.0950432829908095,0.129354406893253,0.146695650368929,0.122803956270218,0.177994941268116,0.253511494770646,0.302210523933172,0.243474026140757,0.327911810297519,0.327272075793007,0.312282886356115,0.357325680414215,0.272388435935136,0.266815345431678,0.366114871576428,0.4249099888606,0.479892040975392,0.391585044318344,0.510831221845001,0.461509312316775,0.567466114461422,0.707949427887797,1.00285380315036,1.0598964242381,0.875278045982122,0.694181639602175,0.684067235421389,0.555541804432869,0.728876933455467,0.72577585875988,0.870582962036133,0.90448347479105,1.10993011146784,1.17521392405033,1.30473508834839,1.54162744283676,1.65794726908207,1.7796730786562,1.81300002336502,1.58789665997028,1.64243571162224,1.72372527718544,1.81623239815235,1.61368128806353,1.49314858913422,1.44870187342167,1.47434704303741,1.494865873456
-0.162645873427391,-0.182959231548011,-0.200856599211693,-0.119790348690003,-0.0968542147427797,0.0805821679532528,-0.0414649339858443,-0.0961343444418162,0.118507516384125,0.0726624000817537,0.314177434006706,0.313011220563203,0.245601587649435,0.243416365841404,0.336549333110452,0.400793950632215,0.394586142944172,0.441327162273228,0.405376508645713,0.417192022991367,0.418038516957313,0.481304054445354,0.459578305762261,0.398442491702735,0.343324931524694,0.353848121175542,0.189220585674047,0.154105884791352,0.200802921317518,0.157130158133805,0.115559406019747,0.0470094040036202,0.0751543281367049,0.00364708220586181,-0.0202297613024712,-0.0479300433769822,-0.0661647733300924,-0.0254418006632477,-0.03344861343503,0.066428541764617,0.0291254732757807,0.0960951440036297,0.0990651284344494,0.0703256441280246,0.120082207769155,0.0818846195936203,0.0965284219011664,0.0803006311878562,0.0482859674841166,-0.00467407461255789,0.0234975676052272,-0.0549198605120182,0.106007105950266,0.160294707748108,0.266559010930359,0.25867581826169,0.151644155941904,0.139059875160456,0.0796402575448155,0.0525135219097137,0.141836793359835,0.174525440949947,0.132577732857317,0.133903666585684,0.155303457938135,0.17651340495795,0.0686632949858904,-0.0411086849868298,-0.0192048379220068,-0.0766028738813475,-0.0324817314743996,-0.159851475059986,-0.112504747882485,-0.279913630895317,-0.315504109486938,-0.395238741114736,-0.276889212802052,-0.232349867746234,-0.152637017145753,-0.124428267776966,-0.0183891016873531,-0.0329160342924297,-0.00979040727252141,-0.0189644826576114,-0.0383883582428098,-0.0904002414084971,-0.0674832078046165,-0.0965059878304601,-0.0279358038678765,0.0179326795041561,0.0219400267465971,0.126977005647495,0.186113551724702,0.26193893160671,0.159538462106138,0.102696982398629,0.147727889864473,0.212289814138785,0.0714625487104058,0.106970442086458,0.136378719285131,0.20494259535335,0.179358152300119,0.148526912089437,0.233908545970917,0.256997510418296,0.244605685723946,0.297581707360223,0.311146064245258,0.301374462805688,0.297969932109117,0.350149031821638,0.254254144988954,0.287260442133993,0.241585923358798,0.356685615703464,0.317505870945752,0.331994641758502,0.403781270980835,0.387313690967858,0.471849543601275,0.391031539440155,0.467400953918695,0.439928546175361,0.448458553478122,0.484086826816201,0.370662479102612,0.432105242740363,0.189152366400231,0.264923955034465,0.219719639979303,0.290895316377282,0.333500322978944,0.315258345007896,0.468333560507745,0.376989901904017,0.44072175770998,0.388505082018673,0.221102656188305,0.160516468598507,0.107193289278075,0.124232720542932,0.127044295705855,0.086044989596121,0.0214536758023314,-0.00744772909674793,0.0223092226311564,0.0559581780107692,0.100872589554638,0.0787512788549066,0.089528823364526,0.0390275100013241,0.137265381030738,0.213138485816307,0.11869594566524,0.0856721170246601,0.166301964968443,0.185835174191743,0.247574754664674,0.266897059231997,0.212765380367637,0.260739770904183,0.352117961179465,0.410053983516991,0.254595361929387,0.250886412034743,0.304234848264605,0.453227534063626,0.377330144681036,0.387244429625571,0.39901743112132,0.614706207811832,0.551470864750445,0.777254113554955,1.12236379832029,1.22825519610196,0.757944238558412,0.569150291895494,0.529222779721022,0.410584419220686,0.65307075381279,0.838292236626148,1.01954743564129,1.06935437321663,1.37015614807606,1.54967541396618,1.59289410114288,1.81104528605938,1.74174696207047,1.92427843213081,1.55791797935963,1.40843935012817,1.60330603718758,1.66275705695152,1.49672465249896,1.35169631494209,1.47152977287769,1.59065104722977,1.62234944105148,1.60899104773998,1.60141329169273
-0.2102329749614,-0.232013548910618,-0.220162175223231,-0.20564550999552,-0.174519867822528,-0.0308011118322611,-0.0495228096842766,0.0471771743148565,0.103563747927546,0.121855337824672,0.196585421830241,0.20555668361485,0.285542219877243,0.295925136841834,0.28662707451731,0.349499524384737,0.364455727103632,0.452964859269559,0.402846039459109,0.428312869253568,0.380749101052061,0.333576081879437,0.423518995963968,0.365265745669603,0.438923249393702,0.368579703941941,0.31521125510335,0.285371481720358,0.196995862200856,0.146067410614342,0.100831298716366,0.104854355857242,0.0623576922342181,0.0574467262253165,0.0716225368902087,0.0168459733948112,-0.00663220789283514,0.0184586275368929,0.0418084798846394,0.040974850859493,0.0492952145636082,0.0497447267174721,0.0626228176668519,-0.043475727783516,-0.0485846385359764,-0.0558597404509783,-0.00975437648594379,0.0433737516403198,0.0706721158698201,0.0412947006523609,0.0347611283883452,-0.14382532723248,0.0637394024990499,0.0625157264061272,0.161423770990223,0.0843072511721402,0.0501611752435565,0.0719571709632874,-0.0014248107559979,0.0652854452840984,0.129138748161495,0.0650801334530115,-0.0155333045870066,-0.0697616792400368,-0.00587929720059037,-0.111595210200176,-0.192910022102296,-0.18923421651125,-0.251744483131915,-0.166002357006073,-0.110074170213193,0.0530409026890993,0.013111761957407,-0.105594059079885,-0.0989034396363422,-0.226341633684933,-0.282152580469847,-0.26407319009304,-0.288043390959501,-0.211990990117192,-0.119101449253503,-0.0012689707800746,-0.01925274883979,0.00619110730476677,-0.0382245970889926,0.0180427303537726,-0.0537957474589348,-0.100131089612842,-0.0322766192257404,-0.0580214103683829,-0.0650732743320987,0.0195381262805313,0.0485499953851104,0.144039308326319,0.161193421017379,0.133081392315216,0.103159696795046,0.0610399873927236,0.0287537734024227,0.0360618534963578,0.0469986760988832,0.0710455072112381,0.116973881050944,0.0844425353221595,0.134783277660608,0.138684215513058,0.180341083183885,0.231790794152766,0.2235004554037,0.238735317066312,0.249627737049013,0.287297448888421,0.275769865512848,0.28288320209831,0.393878894485533,0.465451574139297,0.410240732133389,0.415735661936924,0.469067090004683,0.45633241571486,0.50563673004508,0.430987067520618,0.463276449590921,0.422422955557704,0.440802880749106,0.414936539158225,0.434549237554893,0.404573944071308,0.315724819898605,0.357326574809849,0.448702352680266,0.528147286549211,0.465409157425165,0.479237692058086,0.47538296431303,0.392913807742298,0.461509849689901,0.234528466220945,0.165727281803265,0.0256411511451006,0.0867123948410153,0.0861597292125225,0.123507953539229,0.116057848115452,0.109920715168118,0.0463421613443643,0.0749229818582535,0.0720497265458107,0.0420820150524378,0.0822526813484728,0.0955972079187632,0.187740276422119,0.274958909512497,0.253488147258759,0.271537395729683,0.226305776461959,0.241466750763357,0.230189805198461,0.270037546567619,0.230785438418388,0.272992864623666,0.305297281220555,0.421907540038228,0.371807012706995,0.380662964377552,0.321828076988459,0.445078030298464,0.429430540790781,0.492990042280871,0.514236809546128,0.622087793052197,0.692058435827494,0.912326696142554,1.09049701690674,1.29407558850944,0.907615928445011,0.609487935341895,0.560545225441456,0.47597860720125,0.585665084049106,0.720817051827908,1.02820129692554,1.08548446595669,1.24071787148714,1.59546675682068,1.58334559202194,1.79148256778717,1.86832789182663,1.7781481474638,1.82494191229343,1.40184909403324,1.27735660076141,1.03863399028778,0.945190881378949,0.711709851771593,0.737180120497942,0.774529734253883,0.830703970789909,0.952146623842418,1.02993188332766,1.10565090141026
-0.240634359791875,-0.240094622224569,-0.192816023901105,-0.178888452239335,-0.134918540716171,-0.203761393297464,0.0263998862355947,0.142833385616541,0.113928588666022,0.187040950311348,0.0499310394749045,0.138295718887821,0.220896461326629,0.21137169804424,0.293524766422342,0.269683406781405,0.308532033674419,0.333443251345307,0.38725666385144,0.308248974289745,0.234236552333459,0.16100122127682,0.153091404959559,0.18414911669679,0.269869644194841,0.256515775620937,0.311521834693849,0.333718385826796,0.213679515197873,0.147173680271953,0.0816637638956308,0.0263243993278593,0.117584053985775,0.116271102055907,0.13655488731456,0.0797491565346718,0.0845756245777011,0.0517301941290498,0.0417144432663918,-0.0405603456310928,-0.084151376131922,-0.0371502779424191,0.0136827642098069,-0.0307745359838009,-0.0163688890635967,-0.0739454358816147,-0.034423999581486,0.0111363004194573,0.0318069129716605,0.0370097040664405,0.0672593946568668,-0.0194465294480324,0.00482670217752457,-0.00989794945344329,0.0537558402866125,-0.0197311162948608,0.0180422309786081,-0.0235545387491584,0.0359975976869464,0.0412216179072857,0.0155088105646428,0.0457385485526174,-0.125902590528131,-0.145952092669904,-0.143793863989413,-0.363192897442059,-0.292815965879709,-0.4142234262079,-0.304157925397158,-0.200619539618492,-0.0561986727640033,0.031821258040145,0.0529122583568096,0.133492392295739,0.0323389239609242,-0.0353943390771747,-0.167358455806971,-0.181467681750655,-0.312460963800549,-0.269019956374541,-0.0873108386993408,-0.0367273797746748,0.00641600544331595,0.00703510269522667,-0.0387956862337887,-0.0452368317171931,-0.0625317530706525,-0.0360836035804823,-0.0330016953870654,-0.0509144561365247,-0.0855359238805249,-0.0911142372526228,-0.0689471292309463,0.0338644102215767,0.0450775703415275,0.15998954968527,0.089179272018373,-0.0334161149221472,0.0111888289451599,-0.0204774870304391,0.00818562745116651,-0.0345611592754722,0.0106768045574427,0.0586831850931048,0.0540491057559848,0.0646497983718291,0.105404677893966,0.168926772184204,0.151131921631168,0.234284795075655,0.188723063468933,0.234032243769616,0.297594323195517,0.341905855946243,0.415310282632709,0.416741540655494,0.492210973054171,0.529849053546786,0.508777448162437,0.547020464763045,0.487705856189132,0.508469793945551,0.445994585007429,0.379337934777141,0.379531025886536,0.411442225053906,0.420098306157161,0.439743728935719,0.584694799222052,0.661654913565144,0.691996320337057,0.657712113298476,0.609041459189029,0.582894741743803,0.482198359165341,0.530579684302211,0.416459803376347,0.287481926660985,0.194428133498877,0.135684204590507,0.0542227202095091,0.170687545370311,0.0493078808300197,0.116747811622918,0.152365147904493,0.151201325515285,0.0984747778624296,0.114527005609125,0.051698942296207,0.112193620670587,0.170615350664593,0.341184833366424,0.333429057337344,0.361236375011504,0.328136985749006,0.300968234241009,0.221407390572131,0.255217289179564,0.287899446673691,0.342301765084267,0.318981989845634,0.371906066313386,0.299120340123773,0.342325386404991,0.395169360772707,0.527695855312049,0.49234830699861,0.497328734537587,0.571893226541579,0.673700400721282,0.814615406654775,0.856851786375046,1.06245870832354,1.1229239217937,1.11500416211784,0.743178693187656,0.76668595764786,0.599456105803256,0.622343483939767,0.834353758394718,0.971819806098938,1.32388764023781,1.13273913860321,1.66893983781338,1.38959062099457,1.57808451652527,1.63508859276772,1.61391390562057,1.67859046459198,1.42324638664722,1.52640498280525,1.11349110901356,0.879377409815788,0.462617486342788,0.577743475139141,0.516179389815079,0.465245834623056,0.397471147868782,0.552921074116603,0.675681965891272,0.781983855366707
-0.142709666118026,-0.178186685871333,-0.108882028330117,-0.102731697075069,0.0671026460826397,-0.0234233859926462,0.0230320926755667,-0.033286857418716,0.0158837169408798,0.0458843647036701,0.119580665254034,0.0960523734800518,0.212903494480997,0.22943602646701,0.35467747412622,0.246073617786169,0.167707898467779,0.0909676946699619,0.156393120996654,0.114716585353017,0.157374472403899,0.0537725517526269,0.012803852930665,0.0779594808118418,0.106871522800066,0.163104236871004,0.164707780256867,0.0865910894470289,0.153266405081376,0.181629891693592,0.160477288253605,0.0546067742630839,0.0618757250718772,0.0337945957668126,0.0827908804174513,0.0662895426154137,0.109994280186947,0.0571198531426489,0.0366454266011715,0.00987490573897958,-0.0235403174767271,0.00164960157126188,-0.0423141835257411,-0.0213532862253487,-0.0751123182475567,-0.109998096525669,-0.149845693074167,-0.0821463271975517,-0.12324460092932,-0.0290224125608802,-0.0139219214674085,-0.0576911687967367,-0.0387373603880405,-0.0695322243496776,-0.0242605600506067,-0.0710478192195296,-0.0305580384563655,-0.00898200953379273,0.0352944997604936,-0.0102400238160044,-0.0287322726100683,-0.057214998267591,-0.145505735184997,-0.09340237416327,-0.217516684345901,-0.259353937208653,-0.343490377813578,-0.268585564941168,-0.206450571492314,-0.0767240575281903,-0.0256615202641115,0.0436570134013891,0.0303174246102571,0.0736900637857616,-0.0510510460473597,-0.0829071157379076,-0.108400807587896,-0.180257078621071,-0.25852678460069,-0.189542699418962,-0.0260791027219966,-0.0555525810457766,-0.013767449464649,-0.063060095673427,-0.0850645303726196,-0.0563286475837231,-0.0691746091935784,-0.0401800844818354,-0.0361899074167013,-0.0766211657784879,-0.0715016702190042,-0.169926599785686,-0.131762467045337,-0.090217973239487,-0.0655211184173822,0.0762426743283868,0.0864099062047899,0.0824232010636479,0.0350374131696299,-0.0247932137921453,0.0492069403873757,-0.0362266427342547,-0.052533667627722,-0.0736228031106293,-0.0631007296964526,-0.0962716152891517,-0.0316670275293291,0.0373694109031931,0.0790392801165581,0.0775462229736149,0.150949510280043,0.12907199896872,0.214889897499233,0.302567916177213,0.333240833936725,0.402094210777432,0.445434757694602,0.488136809319258,0.523258398100734,0.539626668393612,0.528399205952883,0.565486965351738,0.507300996780396,0.48000100068748,0.540276398509741,0.574550171615556,0.623255586996674,0.670734913274646,0.790181333199143,0.83615047596395,0.868721336871386,0.786841262318194,0.698251215368509,0.567717735469341,0.506191386468709,0.516973747499287,0.441909609222785,0.314096120931208,0.194599653570913,0.0929273254936561,0.0807495952118188,0.111157801316585,0.157205718138721,0.134800215857103,0.145441163692158,0.140731687657535,0.0922911286354065,0.123642645031214,0.18132053129375,0.167580416612327,0.333266339451075,0.349442401062697,0.455417542345822,0.402005625609308,0.318461855780333,0.261229585856199,0.295703142217826,0.332252199947834,0.363541755080223,0.367966708634049,0.352334703877568,0.404603735916316,0.33514924091287,0.384804129321128,0.547166742454283,0.59902752134949,0.650994189677294,0.6112862479873,0.752426009485498,0.860495708684903,0.95114355944097,1.02424942459911,1.00496765207499,1.12689362999517,0.916472453065217,0.940327543113381,0.73708351040259,0.649777932092547,0.902274326980114,1.00140581429005,1.38497363775969,1.36213410794735,1.54828633517027,1.6804101318121,1.46612934470177,1.83459277451038,1.5270126581192,1.54295216202736,1.37899586558342,1.36058242172003,1.26492917686701,0.990457919239998,0.775207048654556,0.470224722847343,0.524204546958208,0.441671210061759,0.45557198189199,0.396401921333745,0.5564143743366,0.639197243750095,0.734896376729012
-0.129459974355996,-0.195928446017206,-0.136175895482302,-0.0629921622574329,0.0832779701799154,0.160535492713097,-0.00300631634891033,-0.00312768090516329,-0.0421562949195504,0.10538622259628,0.116541827982292,0.269416714366525,0.254522369243205,0.316418917104602,0.241302114818245,0.223151252651587,0.121598623564932,0.0846719844266772,-0.0250742774456739,0.0747450196184218,0.0914636892266572,0.0782381109893322,0.0463506286032498,0.107526992843486,0.0739281527232379,0.119801960792392,0.0665422306396067,0.0933705095667392,0.104273515869863,0.0745826829923317,0.16110159913078,0.145318960351869,0.0352168252386036,0.0257719216868281,-0.0378569627180696,-0.00354539500549436,0.013582943752408,0.0839414836838841,0.0575496810954064,0.0340985209739301,0.151824133470654,0.044158580340445,-0.00923803888726979,-0.101749716093764,-0.169276431389153,-0.139481534156948,-0.212220775336027,-0.198463123477995,-0.19040634278208,-0.126381228276296,-0.129774033895228,-0.0550416509620845,-0.0560131251811981,-0.0297979633323848,-0.0406557455193251,-0.0542539842426777,-0.123440563678741,-0.120994226261973,-0.161190470308065,-0.14640097564552,-0.123579561477527,-0.200227417238057,-0.0796516044065356,-0.171839141845703,-0.150952991843224,-0.361672339774668,-0.220769532956183,-0.209491957351565,-0.050457719899714,-0.123783479025587,-0.0749792423797771,-0.0810945095494389,-0.0738256751559675,-0.189261211454868,-0.128688004985452,-0.138476131856442,-0.233228268846869,-0.187524927593768,-0.157596890628338,-0.0106136077083647,-0.0704194271238521,-0.0337725579738617,-0.0861339662224054,-0.0685966325923801,-0.0955263314768672,-0.0781539648771286,-0.0516118474304676,-0.0462535158731043,-0.125103508122265,-0.164483234472573,-0.179537571361288,-0.243217715248466,-0.265012892894447,-0.20284519882407,-0.142840789072216,-0.0152023132890463,0.109413044666871,0.0984436089172959,0.086145392851904,0.076251162821427,0.0560876045376062,0.0381679112091661,0.0140696997754276,-0.0157784140203148,-0.0398050412535667,-0.081594664324075,-0.0931435497361235,0.00251853555673733,0.0351866211742163,0.0493529703468084,0.108875143434852,0.153007693053223,0.165006350004114,0.209126264601946,0.285956093110144,0.344597222702578,0.428559125028551,0.470140104182065,0.550218377960846,0.52011348567903,0.6135561523668,0.530600816430524,0.597737556975335,0.602378600090742,0.710162126028536,0.713720948621631,0.849757411330938,0.848886382998899,0.872612775489688,0.84440673366189,0.81497203365434,0.693902126699686,0.557878963649273,0.427068371869245,0.337399704870768,0.272693809866905,0.265802271291614,0.275343857891858,0.204109811037779,0.269021093565971,0.0819644995033741,0.0772448994219303,0.128378001754754,0.141277307539713,0.158680369565263,0.217252826690674,0.141156626679003,0.286555626802146,0.201325586158782,0.260390471550636,0.359321309253573,0.378062682319433,0.36650613611564,0.265498483367264,0.339968710206449,0.324848027271219,0.359311857074499,0.434394073205476,0.319214444793761,0.326594059355557,0.343715682812035,0.362347209222207,0.419607983715832,0.399336987640709,0.531528143584728,0.624329105950892,0.74581426968216,0.747310625575483,0.947058692201972,0.969362371251918,1.03750535767176,0.902331062033772,1.05128964334726,1.00733619844541,0.861908957362175,0.847260957304388,0.839887727051973,1.01520453989506,1.15793197154999,1.37366401553154,1.67461588978767,1.51658810973167,1.97081284224987,1.54295820891857,2.05793884694576,1.60904150903225,1.33027873635292,0.937168647348881,0.830202022194862,0.82454925775528,0.959456287324429,0.999669602513313,0.923003399372101,0.899477173388004,0.731274770200253,0.685458709672093,0.625956190377474,0.77882284373045,0.776902982592583,0.846622720360756,0.904521761834621
-0.0766092523932457,-0.0791668775316793,-0.17509593591094,-0.0573833143338561,-0.0292690828442574,0.101035948935896,0.0309315561316907,0.0687275287869852,0.0736937470268458,0.111254026903771,0.14640758568421,0.233714729454368,0.238727498985827,0.21484050040599,0.160315789002925,0.155991576961242,0.178278210852295,0.152508849091828,0.110381582047557,0.0929195076227188,0.054661694727838,0.0389668764546514,0.0257967684417963,0.0370903426781297,0.0927998080849648,0.0902680918574333,0.135102086607367,0.109185093268752,0.141720719169825,0.0930684123188257,0.0466352245421149,0.0745595430955291,0.0471609778818674,0.0124878507107496,-0.0523117356235161,-0.0435733056161553,-0.0142203679308295,0.0440456457436085,0.0703191564418375,0.0665413851849735,0.065354245621711,0.0462386140599847,0.0133604218717664,-0.0423638559877872,-0.139789707923774,-0.162657798081636,-0.242746661609272,-0.279625949636102,-0.264940700121224,-0.214958830736578,-0.298979209105892,-0.204370273993118,-0.251479470357299,-0.232754789665341,-0.241732534021139,-0.208953226357698,-0.28790651652962,-0.356544090295211,-0.327124444209039,-0.285469647077844,-0.266577587276697,-0.157150818919763,-0.139214850217104,-0.10000808313489,-0.164732988923788,-0.165853471681476,-0.0697707984829321,-0.130435870401561,-0.030909194983542,-0.150343661289662,-0.139336831867695,-0.181004424951971,-0.233983814809471,-0.433141210488975,-0.295565890148282,-0.439850971847773,-0.257110126444604,-0.200276921316981,-0.0393775373697281,0.0380184705369174,-0.0184054466197267,-0.0815684938803315,-0.031037774431752,-0.105989374965429,0.0449458151124418,-0.0917639664839953,0.0886240217834711,-0.0519652707502246,-0.0757385984063148,-0.192075677588582,-0.179279292374849,-0.289716960862279,-0.331108186766505,-0.299803390353918,-0.219665454700589,-0.0745159631595016,0.0490294964984059,0.0717053594067693,0.100968542695045,0.0767539272208523,0.11390572511591,0.082541643618606,0.0565837174654007,0.0461124868132174,0.0473025590181351,3.41039150953293e-05,-0.0645897695794702,-0.0305919550359249,0.0466429314576089,0.0917806178331375,0.0953379854559898,0.115828587766737,0.151764508709311,0.191814434621483,0.264105083374307,0.322457447554916,0.384427380748093,0.475367327034473,0.471003066748381,0.509560989961028,0.57816786877811,0.557700834795833,0.60368432328105,0.645042452088092,0.707639210904017,0.744292833097279,0.775816018693149,0.770883152494207,0.790322153829038,0.709138517826796,0.673550758138299,0.511041609849781,0.494323801063001,0.279652182944119,0.0783558364026248,-0.0482736634090543,-0.095701009593904,0.0867660772055387,0.129542068345472,0.253293423447758,0.153363733179867,0.109237153222784,0.0787602391093969,0.0940004114061594,0.163857149705291,0.202959508541971,0.267275320738554,0.233547726552933,0.254160695523024,0.346517010033131,0.346603301167488,0.335575204342604,0.287008287664503,0.365264835953712,0.291786296572536,0.46895586438477,0.32393108792603,0.284045606758445,0.341048694401979,0.346500346064568,0.452991779521108,0.529671585652977,0.478756036050618,0.50691168991616,0.571336362289731,0.752163924649358,0.722857951000333,0.822739551961422,0.810010997205973,0.870957908034325,0.809984656074084,0.867883396265097,0.980091214552522,0.749766522273421,0.577901944611222,0.534484606981277,0.851612083613873,1.02228944003582,1.29193724095821,1.62399003505707,1.68057309985161,1.93702466487885,1.88518031835556,1.93519154191017,1.96355471611023,1.67802795171738,1.3223733663559,1.11500015258789,0.993778169155121,1.12760480344296,1.13713359832764,1.44983879029751,1.43262685239315,1.70658001899719,1.37782796621323,1.46971830427647,1.15023214370012,1.50406219363213,1.20275932252407,1.20589626431465,1.17254708111286
-0.129197336640209,-0.146458912268281,-0.185522761568427,-0.176972573809326,-0.138097435981035,-0.0256972316652536,0.0563419852405787,0.167766055371612,0.0779061984736472,0.0951078648678958,0.139942912105471,0.24864408634603,0.157131251273677,0.175284269079566,0.177782663702965,0.204481394030154,0.208992824493907,0.280298082530498,0.204864659288432,0.187972926348448,0.116860078601167,0.099614567682147,0.00340734366327524,-0.0960866639390588,0.0258264064788818,0.0668631989974529,0.144038305059075,0.174417328787968,0.12377131220419,0.137921018432826,0.0460933282971382,0.0295092744752765,0.00146128572523594,-0.0421682183630765,-0.0314829448238015,-0.0110810162499547,-0.00125145092606544,0.018339807423763,0.0426773186540231,0.0862352349795401,-0.00911028489936143,0.0596633701585233,0.00301434015855193,-0.0550978818908334,-0.090155111689819,-0.150844232738018,-0.219455939158797,-0.187220498174429,-0.301438614353538,-0.305782149732113,-0.428164560673758,-0.414003321155906,-0.464767303690314,-0.457104595378041,-0.472457579895854,-0.438878771662712,-0.41580420024693,-0.397513888590038,-0.36041968036443,-0.339011940360069,-0.290035106241703,-0.160464148595929,-0.195749341696501,-0.111085540056229,-0.118306767195463,0.00268989689648151,-0.0212832923978567,0.0985351897776127,0.0394420290365815,-0.0423580340109766,-0.0949778290465474,-0.197138347290456,-0.247602593904594,-0.351408043075935,-0.471885297447443,-0.318411412462592,-0.301489308103919,-0.143487814022228,-0.150425155903213,-0.116155823459849,-0.0764840174466372,-0.0747284093871713,-0.0466910846531391,-0.0181555893272161,-0.0243441997095942,0.0487183395773172,0.0609965651296079,-0.0477524261921644,-0.0246723936405033,-0.110512435436249,-0.19042008779943,-0.215824635722674,-0.304311741143465,-0.300740160793066,-0.224429431650788,-0.113971762917936,0.00984929092228413,0.0768479075748473,0.14192321728915,0.164788352511823,0.141134191118181,0.126185292936862,0.074104455858469,0.12245295974426,0.0747079304885119,0.0536105670034885,0.0617205128073692,0.0948878593742847,0.0449690768495202,0.0784046975895762,0.111098377848975,0.132254226319492,0.186433839611709,0.194633890455589,0.256098217410909,0.284095294959843,0.33614253718406,0.384313602279872,0.388758733123541,0.445143325813115,0.41725089000538,0.452221138775349,0.557970073893375,0.6568179724738,0.684435078501701,0.682727520540357,0.653910958580673,0.695329974219203,0.675251424312592,0.66277413405478,0.629351993277669,0.564014347735792,0.496544667333364,0.291670782247093,0.126270571816713,0.0170793418015819,-0.163313440252387,-0.121250241016969,-0.0296730468049645,0.00207521766424179,0.132703698781552,0.115625172946602,0.137980899959803,0.170847742259502,0.235550481081009,0.313995871692896,0.344721390493214,0.150443045049906,0.33047994056833,0.262442135065794,0.222127668152098,0.168391488306224,0.314390705805272,0.285000580607448,0.45002635139972,0.369817297207192,0.367749830055982,0.303479140857235,0.388365176692605,0.414738271106035,0.679281468410045,0.657197206825367,0.641587089188397,0.619349283818156,0.668601326039061,0.700430368445814,0.558765680645593,0.643900195136666,0.687910623848438,0.723951816838235,0.714079393446445,0.936889995634556,0.805426313169301,0.645404808595777,0.594170876964927,0.690573428198695,0.864833979308605,1.17879296541214,1.60786519050598,1.69726731777191,1.97424760460854,1.97683691829443,1.98496246337891,1.93725771307945,1.83484473228455,1.88301581740379,1.9228333234787,1.90958501696587,2.05760903954506,1.99300957322121,2.05628094673157,1.97391372323036,2.12898595333099,2.0635583281517,2.15748647451401,1.96894502639771,2.00687825679779,1.54322187751532,1.29302524626255,0.949044656008482,0.784695076942444
-0.131726490519941,-0.194249959290028,-0.230023439228535,-0.259625021740794,-0.204001344647259,-0.126534306257963,0.0678239219356328,0.158347494667396,0.164016317389905,0.133563146134838,0.184004199132323,0.189455821737647,0.199871886335313,0.213470613770187,0.207112321257591,0.203061021864414,0.291276488872245,0.297062963247299,0.301645064540207,0.230024361982942,0.247058269567788,0.155317922122777,0.0806360163725913,-0.00080143716186285,0.00695142108015716,0.0166951929219067,0.0339209003373981,0.120921792089939,0.121231046732282,0.0942833536304533,0.068714958766941,-0.00200422331690788,-0.0223350604064763,-0.0427555545174982,-0.0146479964256287,0.0162497574463487,0.0310121510177851,0.0320916857308475,0.0336370875593275,-0.000634528463706374,0.0220393086608965,0.00176315172575414,0.0530479370616376,-0.0424971486907452,-0.0538652357645333,-0.115710248705,-0.213723464356735,-0.267103498149663,-0.277494846284389,-0.360472181253135,-0.373090913356282,-0.428940606489778,-0.387926814239472,-0.448756618145853,-0.408839107118547,-0.306744341552258,-0.317523491382599,-0.246229826286435,-0.270111978054047,-0.23873452860862,-0.280380638316274,-0.303653412312269,-0.238134911283851,-0.287801273167133,-0.193808086775243,-0.217440559249371,-0.134652150794864,-0.0930256579071283,-0.0908663995563984,-0.0781410709023476,-0.164434507116675,-0.0900437943637371,-0.209297470934689,-0.292176034394652,-0.367911977414042,-0.312115596421063,-0.28143057115376,-0.255836541764438,-0.254777966253459,-0.256573789380491,-0.195539709180593,-0.0405303044244647,-0.0636812246404588,0.0604580437764525,-0.0339362315833569,0.124866710230708,-0.026301296800375,0.104557549161837,-0.0617802469059825,-0.0719800422899425,-0.19462974825874,-0.155740625504404,-0.27954037161544,-0.256181339919567,-0.223729471489787,-0.129728910326958,-0.00771460719406605,0.0740214389748871,0.20093777354341,0.243391819577664,0.263059184886515,0.295063311979175,0.342920987680554,0.308235079515725,0.307263819128275,0.262777375429869,0.258189935563132,0.104647424817085,0.0808765755966306,0.134381647687405,0.122442456101999,0.145199191570282,0.255521026998758,0.258002832904458,0.297507935017347,0.347323652193882,0.351350802183151,0.32495240457356,0.362382329721004,0.401527043245733,0.388975665252656,0.477737993001938,0.598120766878128,0.625665784999728,0.615645945072174,0.557982135144994,0.582779606524855,0.561320710647851,0.540175696276128,0.546041714772582,0.565361987287179,0.506406783312559,0.436307674273849,0.280847060587257,0.214252374134958,0.0838028637692332,-0.0202211361844093,-0.0461267342790961,-0.0276255536824465,-0.0259486228227615,0.0642751943785697,0.130255254358053,0.170648560859263,0.30409443504177,0.352815111167729,0.30104867015034,0.223940034070984,0.175876047101337,0.110404187208042,0.0659724612720311,0.0868076275102794,0.185260147042572,0.145582885365002,0.355932977423072,0.344245448242873,0.444728176528588,0.431383602193091,0.506679833680391,0.560386306419969,0.676843659766018,0.635099970549345,0.578187767416239,0.605757945170626,0.560946923191659,0.53722950774245,0.493762497929856,0.435257832147181,0.600988753605634,0.603009749762714,0.667671451345086,0.789654166996479,0.907725729653612,0.639604314696044,0.732530152052641,0.85171889513731,1.0202754124999,1.19843870252371,1.69762454330921,1.78924499750137,1.92284398078918,1.95566916763783,1.80770615935326,1.77284772396088,1.50188694298267,1.65378015339375,1.42862557470799,1.83120704293251,1.74368529319763,2.06379586458206,1.91255584359169,2.13621043562889,1.90416168570518,2.22359446883202,2.02692965865135,2.22627707123756,1.92654503583908,2.11831449866295,1.6349838912487,1.30174740850925,0.935423037409782,0.688431697821943
-0.139848513156176,-0.218936425074935,-0.310998322814703,-0.215691934712231,-0.155215163528919,-0.0470903328619897,0.00430428981781006,0.00861533395946026,0.098291317652911,0.136101507162675,0.161669711535797,0.206205678463448,0.19305874761194,0.252978091686964,0.228090514242649,0.227957554813474,0.273152839858085,0.275400581909344,0.307495738845319,0.30822702483274,0.305809219647199,0.220461283624172,0.142904596938752,0.113721631874796,0.100871998630464,0.0960242801345885,0.0226319396868348,0.0416319970507175,0.119439757755026,0.0586151495925151,0.0998933401890099,0.037988805770874,0.0117864304571413,0.0483814116567373,0.00982973240315914,0.0627703574951738,0.0529315986670554,0.0709293662017444,0.0419777913484722,0.0511911291629076,0.0181002027355134,-0.0175094297737814,0.0524446729104966,0.0723237184807658,-0.0606203186325729,-0.115255823452026,-0.170641393959522,-0.2240009739995,-0.250218013487756,-0.253795786947012,-0.248767951875925,-0.305817434005439,-0.220224771276116,-0.22105926591903,-0.24856885727495,-0.2233739328105,-0.137621189281344,-0.0836842484772205,0.000797075964510441,-0.069175661355257,-0.218347433209419,-0.419627744331956,-0.430695328861475,-0.445358810946345,-0.410561145097017,-0.344723036140203,-0.294257225852925,-0.165673404186964,-0.227347782254219,-0.190954202739522,-0.129209269752664,-0.114955022139475,-0.113194566965103,-0.238577886298299,-0.188610489014536,-0.323663684725761,-0.239276351989247,-0.389497949555516,-0.247362664667889,-0.265918212942779,-0.205811071582139,-0.0494482653215528,0.00586785785853863,0.0826806439086795,0.0893625508993864,0.16403779797256,0.0250461062416434,0.0554006314428989,0.0230605706572533,-0.0591645173728466,-0.0529708077199757,-0.16297605894506,-0.211989944241941,-0.233251860179007,-0.176869687903672,-0.116149915568531,-0.0616671218536794,0.0602793056517839,0.168738177837804,0.163865030463785,0.313519768044353,0.332650325680152,0.426873674988747,0.368697720486671,0.43336753770709,0.372342693060636,0.23108626678586,0.123398921173066,0.0811396206729114,0.109483377216384,0.111469583958387,0.113898006081581,0.235527090169489,0.22752587730065,0.285673444299027,0.300263955956325,0.346695546992123,0.383185448963195,0.440414378792047,0.45042944252491,0.552438400685787,0.566062916116789,0.578620133548975,0.550875255092979,0.503970618080348,0.514998698420823,0.438092456292361,0.403300784900784,0.43634343072772,0.496467770403251,0.409096715785563,0.348228657245636,0.339553135633469,0.275500778574497,0.202784250269178,0.123390794359148,0.113506454788148,0.0584609311074018,0.0434770524501801,0.0139964260160923,0.0604671986657195,0.138408275693655,0.135297881253064,0.27101454557851,0.231056394684128,0.137546161655337,0.181866244738922,0.128376166336238,0.0425861340016127,0.0184946015127935,0.199882042012177,0.224064808338881,0.382894492521882,0.433236371353269,0.36738886423409,0.585853575076908,0.583436575438827,0.625870390795171,0.741778530925512,0.637993491999805,0.498616113886237,0.463406499521807,0.431968478113413,0.403322195634246,0.340902736410499,0.282333270646632,0.38855662997812,0.544696568418294,0.501953626191244,0.724093332327902,0.84562802137807,0.791791517287493,0.586928610689938,0.90964048653841,1.09113738238811,1.45858433544636,1.73248873651028,1.94969252943993,1.79072702229023,1.94127175807953,1.35102957338095,1.30636151731014,0.985741175711155,1.23402043581009,0.983592140674591,1.13387531042099,1.12077882289886,1.37350322902203,1.26489360630512,1.38094341158867,1.29906464219093,1.47884368300438,1.22996319830418,1.32212544679642,1.27803611755371,1.51316925287247,1.32458750754595,1.62828107178211,1.41273446679115,1.40648262798786,1.20373769849539
-0.133987598121166,-0.168359291553497,-0.212071327399462,-0.0876098908483982,-0.131345888413489,-0.0892311444506049,-0.0490369376726449,-0.0434634282253683,0.0145781038329005,0.119967024330981,0.117933173384517,0.200477071828209,0.184435129165649,0.18419581875205,0.226111913844943,0.254288663249463,0.284193421434611,0.294775684690103,0.326698930142447,0.336057413223898,0.312754296697676,0.302346361614764,0.203221028822009,0.195549237728119,0.152294629812241,0.235268487082794,0.0616870526224375,0.00446820873767137,0.0381700336060021,0.032712362613529,0.113441577693447,0.132855549454689,0.0959249453619122,0.162553799152374,0.0850377269089222,0.0358713876456022,0.086945665627718,0.035497117601335,0.0810362031683326,0.0694266959093511,0.0712019558995962,-0.0121611394570209,-0.0142165331635624,0.0595733837224543,0.00432651611045003,-0.010987589135766,-0.0693569772876799,-0.028239931166172,-0.132644241861999,-0.198651224188507,-0.131739596650004,-0.204178072139621,-0.182467999309301,-0.116226994246244,-0.150653357722331,-0.208798574469984,-0.171642671339214,-0.175834535714239,-0.0971879702061415,-0.0824533576145768,-0.174530988931656,-0.345788837596774,-0.373311502858996,-0.313902811892331,-0.321317507885396,-0.178571142069995,-0.192573450598866,-0.126366503722966,-0.0914304334670305,-0.102164883539081,1.85927376151085e-05,-0.0704504084773362,-0.0459348198026419,0.00145856933668256,-0.177236195595469,-0.141438785940409,-0.250510655390099,-0.222427048906684,-0.175933216139674,-0.197805262729526,-0.0518911744002253,0.0399004092440009,0.116683215275407,0.167344723828137,0.0625945463310927,0.0401239408180118,0.0643045693868771,-0.0512013163417578,0.115832000784576,0.0103858006099472,0.0878448946401477,0.00942834075540304,-0.0616807604208589,-0.167490458569955,-0.0329339653253555,-0.0685682582203299,-0.0334941610693932,0.0226014234125614,0.110345792770386,0.186694505810738,0.27362461835146,0.352357710711658,0.389870441169478,0.429578374698758,0.452553693577647,0.444648764643352,0.362608473934233,0.341607497632504,0.157840034086257,0.191886191815138,0.171815476752818,0.166877608001232,0.198982470761985,0.263235076458659,0.394399979384616,0.398890027124435,0.455880382098258,0.516467484738678,0.536126393498853,0.586528618447483,0.550831277295947,0.586584989726543,0.465431028231978,0.40716685205698,0.41560391895473,0.370717955566943,0.404830475326162,0.404982435703278,0.469824029877782,0.437269263714552,0.38695878367871,0.39899881426245,0.356166630797088,0.406798795377836,0.356558276712894,0.372227127477527,0.316694022715092,0.180798667669296,0.180744620226324,0.106856095604599,0.0796442179940641,0.129010388255119,0.0573653331957757,0.0280864759348333,0.166095811966807,0.236127000674605,0.116051555238664,0.131658885255456,0.154858081787825,0.220494182175025,0.311706147855148,0.426490454003215,0.487653478980064,0.345396245084703,0.418225313117728,0.358091768075246,0.461170410038903,0.485725391376764,0.391084909904748,0.343955007562181,0.345459044072777,0.309627459850162,0.256224931031466,0.168472247198224,0.164996144641191,0.0701154637150466,0.354517446272075,0.394901849515736,0.609677994949743,0.859546815417707,0.791433671861887,0.648386208899319,0.671213446743786,1.05174092203379,1.32319223731756,1.55282384902239,1.65996668040752,1.45101809501648,1.43418847024441,1.18110417202115,1.08023076429963,0.971286123245955,1.02790630310774,1.14784603565931,1.08250009864569,1.18823103457689,1.12612262368202,1.32898714840412,1.18208642601967,1.30980550944805,1.19147628247738,1.35712966322899,1.07083950042725,1.12495862543583,1.05452207326889,1.2019494831562,1.10210530757904,1.23266988396645,1.32271326780319,1.35335630774498,1.21333857774734
0.0818654773756862,0.038279352709651,0.0562518250197172,-0.00177909079939127,-0.0710500658955425,-0.140300619509071,-0.126220914255828,-0.0931866149418056,0.0690354835242033,0.0825849127490073,0.15576601466164,0.121470654243603,0.200439766421914,0.188868094753707,0.211253522941843,0.266792717506178,0.288872141297907,0.35295253964141,0.30598353529349,0.322462851181626,0.310565468855202,0.297849944606423,0.291879419982433,0.22112527154386,0.219838700070977,0.216775620309636,0.195343490876257,0.0428192150779068,0.07575015258044,0.075636894418858,0.0785610670223832,0.083279505930841,0.102862060070038,0.124749005027115,0.0844493859447539,0.0423295831307769,0.0178790710866451,0.0188161702826619,0.0576367102563381,0.072390396008268,0.0966344280634075,0.0630501561798155,-0.0392516767140478,-0.0363890704233199,0.0416803547181189,0.0673908710479736,0.00319981519132853,-0.0760781180113554,-0.0301006590947509,-0.171439652051777,-0.126804368384182,-0.0942527978215367,-0.179932183190249,-0.184547036141157,-0.11971386433579,-0.127291572606191,-0.221969905309379,-0.2556721375091,-0.324900908023119,-0.195205513015389,-0.136754312552512,-0.148256348073483,-0.0701585546135902,-0.0583136431872845,-0.024742584861815,-0.0233457840979099,-0.131494886567816,-0.238064961321652,-0.193003495037556,-0.0929292999207973,-0.0902266081422567,0.0279033394530416,-0.070882669929415,-0.108063776046038,-0.106564868194982,-0.175445976480842,-0.113357936032116,-0.0853872546133061,-0.0524097679182887,-0.0231044386513531,0.149265049025416,0.172910882532597,0.279304737894381,0.102086075511761,0.0115853801369667,-0.0791500278632156,-0.0467245288193226,-0.0669916478451341,0.0658516414405312,0.109030302334577,0.144524617865682,0.133671550848521,0.0103638475760818,-0.0364459986332804,-0.071678464487195,-0.00901159159839153,0.0293619186617434,0.0658839523792267,0.18147843927145,0.237712377123535,0.40142430299893,0.466096115298569,0.507528745383024,0.552446076460183,0.505562961101532,0.468392087519169,0.449743712320924,0.385548327490687,0.33387017454952,0.377503641264047,0.260910399630666,0.179076919704676,0.193671329412609,0.304753798618913,0.449447215162218,0.545035051554441,0.528026749473065,0.506925888732076,0.491308814287186,0.497750334069133,0.414806238934398,0.366364770382643,0.420359159634972,0.329420899692923,0.344600244122557,0.343865637574345,0.476030999422073,0.511149825528264,0.468577880784869,0.438020766526461,0.336748064309359,0.273388770211022,0.344417800754309,0.370973023306578,0.423786000476684,0.410346773266792,0.261028552427888,0.0972445907071233,0.0704694649670273,0.139173398166895,0.0342722717672586,0.083204934373498,-0.0217906923498958,-0.144419614924118,0.13895367779769,0.165549362683669,0.221507887728512,0.104568148823455,0.258866436034441,0.308629643917084,0.45662959641777,0.458110322989523,0.298650466278195,0.299053732771426,0.167788835987449,0.20208983020857,0.222616208647378,0.298041722550988,0.205719642341137,0.268774435250089,0.319184225064237,0.244295534025878,0.268542864080518,0.048741384933237,0.185205510084052,0.103385359607637,0.472825331240892,0.48248461894691,0.773984381556511,0.820315655879676,0.522747037187219,0.549867986142635,0.853009027801454,1.15819747410715,1.18174100033939,1.25821350812912,1.03969923995901,0.973144210129976,0.837852302799001,0.627035011351109,0.818355473130941,0.843806224316359,0.938248611986637,0.925718362256885,0.968245622515678,0.937399144470692,1.15827857255936,1.07323958277702,1.33335654437542,1.3120440363884,1.44444965422153,1.37069315910339,1.52597104310989,1.49156072437763,1.46486366689205,1.34557500183582,1.39796853065491,1.36789243221283,1.35645845830441,1.31523662805557,1.16114341020584
0.195987520273775,0.244307021051645,0.201830685933237,0.0697599718347192,-0.0409779447130859,-0.0754172164946794,-0.240170132555068,-0.124960117880255,0.0811524155549705,0.147848633956164,0.16820148890838,0.315659679099917,0.217763961106539,0.263939304556698,0.287348493933678,0.314958096109331,0.350268181599677,0.34191694217734,0.396969164535403,0.405450311501045,0.374985093250871,0.341236868826672,0.423962484882213,0.373662027344108,0.284016854502261,0.365957988239825,0.249092933104839,0.230345775652677,0.157458077743649,0.110295995697379,0.0615037363022566,-0.0372087236493826,-0.0303873654454947,0.0702026473358273,0.060197442304343,0.0549032707698643,0.0747399225831032,0.0612381540238857,0.0841350447153673,0.0965127797797322,0.0650450047804043,0.0645479812985286,0.034085741918534,-0.00115992603823543,0.00933841736987233,0.00422722417861223,-0.00367596773430705,0.0464368678629398,0.0163299348205328,-0.000157129904255271,-0.0790631929878145,-0.0822370181558654,-0.0457843707874417,-0.0992652624845505,0.0269625063985586,-0.00825232033384964,-0.0120288742007688,-0.142046180739999,-0.214623270591255,-0.278426874801517,-0.204176907776855,-0.0630208805203438,-0.0955181263620034,0.000931630842387676,-0.0495563674718142,-0.00949815101921558,-0.157288232631981,-0.211323191225529,-0.250572044402361,-0.29738197773695,-0.186112949252129,-0.248773025721312,-0.142965403571725,-0.188348783552647,-0.104559266008437,-0.0718097472563386,-0.0796655741869472,0.0104356940835714,0.0249947564676404,0.066396553395316,0.202680823579431,0.161565544700716,0.225593531504273,0.128398740850389,0.0817132978700101,0.0318699708441272,-0.00830619763582945,0.0459015884436667,0.0708439700887538,0.178646521363407,0.0837933314964175,0.0543186145368963,-0.0042523501208052,0.0140269363299012,-0.103717664629221,0.057149052945897,0.0682905155234039,0.121077371481806,0.207146322820336,0.280581813305616,0.446877574920654,0.508075680956244,0.52780035790056,0.592184195294976,0.580804595910013,0.538257589936256,0.543430058006197,0.504864172823727,0.507037247531116,0.46381595833227,0.453659790055826,0.341798077523708,0.402945007942617,0.396366904675961,0.535723546519876,0.599456399306655,0.640814907848835,0.643522292841226,0.625209063570946,0.606872603017837,0.552490618219599,0.502528438717127,0.512689211848192,0.502316203899682,0.463330135494471,0.479415036551654,0.496323828957975,0.413458262756467,0.374044799059629,0.330935095995665,0.200260935233382,0.167777288518846,0.210241164267063,0.224281971465825,0.318444576486945,0.306596940010786,0.152185063343495,0.030959146283567,-0.00229900516569614,0.0334112867392832,0.0168689218582585,0.0364824103191495,0.067811606824398,0.103363194316626,0.0587741487193853,0.359383419062942,0.288197717629373,0.426786708505824,0.30828316975385,0.336034614406526,0.458126302063465,0.271710512973368,0.241310767270625,0.0809259602800012,0.133302780427039,0.149608182907104,0.193643734976649,0.231952035799623,0.383840414509177,0.290114800143056,0.429663510993123,0.287339120078832,0.151410309365019,0.125357211939991,0.16233433149755,0.352680212259293,0.547136605717242,0.531133273988962,0.640243753045797,0.494875276461244,0.525515360757709,0.748543614894152,0.998999929288402,1.06299306601286,0.947823913022876,0.817669213935733,0.704509092122316,0.763627280108631,0.551587262842804,0.531342881621094,0.609928748384118,0.600679146731272,0.638342502713203,0.697598300734535,0.59757494032383,0.713223832845688,0.724177734553814,0.785431385785341,0.95946729183197,0.986718384921551,1.14603865742683,1.15682650506496,1.26471449136734,1.32603695392609,1.27153278291225,1.247030377388,1.14946168363094,1.13344965726137,1.12768357396126,1.10929461307824,1.00881817415357
0.122007373161614,0.191639824328013,0.127957730693743,0.0630467107403092,-0.0323788044974208,-0.109724692814052,-0.141377197951078,-0.0394309192895889,0.0681340390816331,0.208987225592136,0.218639302719384,0.342347092181444,0.363626933470368,0.432139739021659,0.456840656721033,0.440658511407673,0.452176815550774,0.404876028560102,0.525043772533536,0.455031831935048,0.501432270556688,0.440404948964715,0.592473531886935,0.4962556572631,0.477816465869546,0.412176015041769,0.364331569522619,0.349267253372818,0.286290020868182,0.237594351603184,0.154422489181161,0.0083932176232338,-0.115320688067004,0.0486761754378676,0.0996309995651245,0.119555102847517,0.198749984242022,0.140861036302522,0.0614033475867473,0.0676878278864024,0.0644765108962019,0.110839049518108,0.00783177008852363,-0.0269516684580594,-0.0280911444686353,-0.00595090705901384,-0.0353996996767819,0.0119480568217114,0.103245269786566,0.0927423899061978,0.0297075551003218,-0.0568171386606991,-0.0347025747934822,0.00563392695039511,0.0639031361730304,0.116246482287534,0.054246817342937,-0.041391587711405,-0.153080729208887,-0.219655365636572,-0.298619550839066,-0.145736488234252,-0.209366716817021,-0.130402613244951,-0.141992879100144,-0.105920888483524,-0.0516297382855555,-0.141393901966512,-0.151966437324882,-0.362996502965689,-0.322720871306956,-0.374380805762485,-0.264942647330463,-0.192413083650172,-0.142667092010379,-0.064584759157151,-0.0579350790008903,-0.0528054058551788,-0.0292031219229102,0.0269570790231228,0.119205333758146,0.0642993627814576,0.0632690289989114,0.145798211358488,0.0509581429883838,0.0682829760015011,0.0908821490593255,0.185080436058342,0.104078317352105,0.113493058644235,0.0603904630290344,0.00456131771206856,-0.0488360756542534,-0.0263797271996737,0.0121725186705589,0.0399003059603274,0.113273207657039,0.22331761084497,0.237850263062865,0.352601714059711,0.471331522427499,0.510070461966097,0.558544595353305,0.561048205196857,0.628611536882818,0.609512458927929,0.645098820683779,0.568498434498906,0.553811950609088,0.561945546045899,0.578566156234592,0.598872589692473,0.493855943158269,0.509268815163523,0.529118209891021,0.601403741165996,0.645122537389398,0.775825449079275,0.785722392937169,0.861115298094228,0.847645683959126,0.891411612182856,0.658176022628322,0.651073739677668,0.564923093095422,0.525784509629011,0.353699375106953,0.195931907743216,0.164897465519607,0.119998741708696,0.172319070249796,0.177196379750967,0.137388284318149,0.0419895584695041,0.0942907001706772,0.144892380200326,0.160624547488987,0.212727392395027,0.0561518331989646,-0.05294075361453,0.0592666117474437,0.123204477969557,0.206752137094736,0.187942498549819,0.239339449233375,0.345605048071593,0.487481524795294,0.458723744750023,0.353436624631286,0.320566700212657,0.256820859946311,0.282880953470885,0.212178774938729,0.218009419506416,0.213028736738488,0.255915961135179,0.292207807814702,0.406836822815239,0.365964133664966,0.332072347216308,0.39345959154889,0.275145171862096,0.2039646204561,0.154586972109973,0.34195782057941,0.555346484889742,0.596705877874047,0.449263196252286,0.470408855378628,0.476755618676543,0.63674645870924,0.814346197247505,0.859517072886229,0.640137716382742,0.55735665038228,0.597776268329471,0.502288933470845,0.441492635197937,0.406137743580621,0.431828903034329,0.534618144109845,0.609169654175639,0.827175329253077,0.750349694862962,0.847076838463545,0.842581686004996,0.721740220347419,0.814779702574015,0.750393896643072,0.95851204097271,0.788475570082664,0.809326084703207,0.745070186257362,0.833917210996151,0.809827260673046,0.813927691429853,0.710047561395913,0.670867057144642,0.670135912299156,0.703635612595826,0.725817999616265
-0.0145841958001256,0.000711116567254066,-0.0174566434143344,-0.043207611143589,-0.0162406053394079,-0.00697166174650192,0.0637658186256886,0.139409950468689,0.106623067194596,0.199724430497736,0.315591487754136,0.338758663833141,0.516741223540157,0.686598976119421,0.722094619274139,0.747905000299215,0.61037608985207,0.691973938047886,0.51358546949923,0.571732871606946,0.55226426795125,0.584374295547605,0.612321016192436,0.499330594390631,0.540491473115981,0.447725763730705,0.53859810307622,0.482459037407534,0.382110958267003,0.359142750874162,0.319028623448685,0.241106458473951,0.0264341348782182,-0.00872835256159306,0.140409101475962,0.164094749407377,0.0985963121987879,0.0893672266043723,0.00404277592897415,0.0709348976612091,0.0472319741267711,0.0624972026795149,0.0254204721190035,-0.0339155306108296,-0.0399366396479309,0.0201251959428191,-0.00783281879266724,-0.0248183185234666,0.0888617027550936,0.131354715488851,0.0970955619588494,0.0667762387543917,0.054113057628274,0.0180135590024292,-0.0618824906647205,-0.0480221780017018,-0.0235462192445993,-0.0740273093804717,-0.133568137758994,-0.191642993316054,-0.266172721982002,-0.19076814474538,-0.224384100176394,-0.156961506325752,-0.179819547757506,-0.124428104795516,-0.0967772850766778,-0.104933042451739,-0.185595803148681,-0.356202616915107,-0.377203590865247,-0.319759018532932,-0.370064552128315,-0.240778508409858,-0.201613961160183,-0.0978171586059034,-0.0319537590956315,-0.0227497389540076,-0.034734083339572,0.120619900128804,0.0977969384286553,0.0630357503658161,0.116786693036556,0.127541697584093,0.175265486165881,0.192462885193527,0.193479572795331,0.181766503769904,0.177927068993449,0.166026972653344,0.107062619552016,-0.0346877630800009,-0.0459960182197392,-0.0228424007073045,0.123952390812337,0.147178519470617,0.258392588794231,0.447512522898614,0.358264543209225,0.442347808275372,0.367657855711877,0.358034523762763,0.399602958001196,0.421377654373646,0.43873232640326,0.422737034689635,0.42453642571345,0.360168090928346,0.451162869483232,0.555882620438933,0.576615532347933,0.627834528731182,0.514794297795743,0.463557234033942,0.465857625473291,0.477827836573124,0.6349773414433,0.710126257804222,0.824803526699543,0.864902083948255,0.964412874728441,0.906304816715419,0.861246607871726,0.80985099375248,0.672913719713688,0.530784410983324,0.298755895812064,0.147651677858084,0.0481009844690561,0.113834942504764,0.115810884721577,0.0958503771573305,0.0913154708221555,0.0331639619544148,-0.0806251153349876,-0.0845652629621327,-0.0224761622026563,0.0398533873347333,0.0455163188278675,0.0158719221595675,0.0910067770630121,0.206621382385492,0.340597424656153,0.273282577842474,0.305304599460214,0.317564604617655,0.514543261937797,0.433996275719255,0.385470161587,0.375949069904163,0.431485033780336,0.362243389338255,0.437324582599103,0.327355911582708,0.474569068476558,0.443756093084812,0.517311387881637,0.488542104233056,0.403227345179766,0.43227716833353,0.272630098636728,0.286908666417003,0.324265144579113,0.441665661148727,0.598632197733968,0.555288757570088,0.384199389815331,0.248305333219469,0.383966892492026,0.413170165661722,0.727850607968867,0.799431192874908,0.568045210838318,0.426615472882986,0.531099453940988,0.602442261850229,0.578469803743064,0.591938843624666,0.513894416886615,0.606211353931576,0.646834419295192,0.833424204215407,0.876910062134266,0.880364076048136,0.834594789519906,0.760183531045914,0.758614471182227,0.726704585552216,0.710706454701722,0.816493267286569,0.644142097234726,0.64475218700245,0.537578535126522,0.573060586233623,0.55172224114649,0.541644778847694,0.501377375517041,0.422435165010393,0.413574573770165,0.439369379915297,0.49352327552624
-0.0335378497838974,-0.0448436971753836,-0.00556147042661905,0.00802717190235853,0.042734800465405,0.136056281253695,0.193804761115462,0.301317109074444,0.35871513215825,0.305030411621556,0.566034141555429,0.578161690011621,0.724809357896447,0.81999611184001,0.973470200970769,0.901246103364974,0.96822125017643,0.683624046854675,0.640502052009106,0.602471194416285,0.434265198558569,0.64104352965951,0.467324682325125,0.516798056103289,0.619451804086566,0.579663615860045,0.601671580225229,0.47358541758731,0.414244537986815,0.311331116780639,0.300827689096332,0.238461216818541,0.106845430959947,0.0563884095616231,0.0107973054982722,0.0682452744338661,0.0102038778364658,-0.011008365964517,0.079389698151499,0.0770223611965775,0.0650689460337162,-0.0689449836383574,0.0596143718808889,0.062508855946362,0.000283307023346424,0.0297818951257796,0.0162390563637018,0.0472316024824977,-0.045523539185524,0.0323685502924491,0.01801557992585,-0.0414975747989956,0.0727112125605345,-0.05433404664509,-0.0773312992416322,-0.215187818184495,-0.129955738596618,-0.104091622773558,-0.156079124286771,-0.229359053447843,-0.305863166972995,-0.224505301192403,-0.270095112547278,-0.189120927732438,-0.274131372570992,-0.173327159322798,-0.259208501875401,-0.161068777926266,-0.200386533886194,-0.212551889568567,-0.206577325612307,-0.295126708224416,-0.251667420566082,-0.22073482084088,-0.129460155963898,-0.0692891098558903,-0.00985903553664684,0.0197057445999235,0.041084803827107,0.115578205743805,0.129091912694275,0.161245392076671,0.258342161914334,0.332532789651305,0.471742939949036,0.430455796420574,0.393635910656303,0.14683846954722,0.268085345812142,0.235753707401454,0.200408639851958,0.0385018405504525,0.075465239956975,0.156808988936245,0.326628309674561,0.438657925883308,0.419183436781168,0.542263628426008,0.437243170291185,0.419221397815272,0.218858071952127,0.151702622463927,0.122191409766674,0.24116374719888,0.26261108443141,0.337733772024512,0.211625905334949,0.278783650510013,0.347138826176524,0.433176802657545,0.558808112423867,0.587686547788326,0.667771596461535,0.664075708761811,0.61810052478686,0.636160827241838,0.568379494175315,0.55470680850558,0.642661273945123,0.646771551854908,0.784105687215924,0.824562396295369,0.908280259370804,0.872176371514797,0.617640663590282,0.473092104867101,0.392408386734314,0.250643114140257,0.104140813648701,0.0842086800374091,0.11989347927738,0.16379923466593,0.197480380348861,0.18746388182044,0.0987219175323844,0.0201724911108613,0.0359682388603687,0.00813366114161909,0.205622996762395,0.282268979400396,0.241377805173397,0.378876473009586,0.376015204936266,0.279766303487122,0.243343636393547,0.348010820150375,0.216437356173992,0.361133402818814,0.41368900872767,0.544807056337595,0.47002816144377,0.559596931748092,0.580898317415267,0.60727183772251,0.722575388872065,0.656432580947876,0.602393255208153,0.447603097185493,0.427247353584971,0.298537467047572,0.231625792384148,0.311663147548097,0.424614335596561,0.822856497624889,0.449372536875308,0.2733902329579,0.175635796133429,0.187456681439653,0.36166458837688,0.538549532555044,0.749037701636553,0.425235513597727,0.392295637354255,0.511840282473713,0.504354888387024,0.557583744265139,0.565802405402064,0.616780959814787,0.701112998276949,0.779657525569201,0.896882834285498,1.00063399896026,0.769763900339603,0.784595843032002,0.699509535543621,0.801220075041056,0.668639915343374,0.772104055713862,0.527887090994045,0.414358260133304,0.529195826500654,0.625925082527101,0.607019454520196,0.626519421115518,0.552833862788975,0.537392402626574,0.451841011270881,0.396558575832751,0.373576862644404,0.354798144195229,0.37206510505639
0.16776485145092,0.113340233103372,0.217459288239479,0.236288003996015,0.286578527092934,0.288004067866132,0.396839714050293,0.441158295702189,0.533604703401215,0.47516753221862,0.718673528637737,0.766316815582104,0.835890737921,0.899007596075535,0.987945573404431,1.02226503305137,1.09161327332258,1.02538027837873,0.831456104665995,0.811281400173902,0.747573414444923,0.922548497468233,0.738635327294469,0.87370790541172,0.725955703854561,0.427887072041631,0.532862626481801,0.366668533696793,0.256753316242248,0.0437149852514267,-0.00753047131001949,0.0014925442636013,0.0484817076474428,0.0538319626823068,0.0552771675167605,0.0569111733464524,0.0684008722368162,0.0796496750903316,0.0418451197445393,0.0392653581686318,0.0879861813038588,0.0181329052895308,0.0362770192325115,0.109079613722861,0.111335393413901,0.0912338683381677,0.161546939983964,0.131444800179452,-0.0865492032840848,-0.19947398181539,-0.149537218175828,-0.239703642390668,-0.159482628665864,-0.139326803013682,-0.129836237803102,-0.25235357247293,-0.31288501219824,-0.185090271010995,-0.227581662964076,-0.234133450151421,-0.260637067258358,-0.242263251915574,-0.247474660724401,-0.267253797315061,-0.252185151726007,-0.27004532252904,-0.214102181792259,-0.263275291398168,-0.125039906357415,-0.0784141943790019,-0.0818927049636841,-0.174103555083275,-0.0359712927602232,-0.154482544865459,0.0606559703592211,-0.0219329824671149,0.0854247401468456,-0.0150132054463029,0.114031195174903,0.077578829228878,0.186659520049579,0.276040397584438,0.349339198356029,0.488755911309272,0.577317929174751,0.545570872724056,0.459385053440928,0.299171064794064,0.272626974247396,0.355131186870858,0.323221492860466,0.305853904038668,0.432784729171544,0.576478789374232,0.645260893646628,0.718064105231315,0.690137101057917,0.732492017745972,0.53564383527264,0.442706309037749,0.264885856956244,0.197043967619538,0.0876352130901068,0.183692121319473,0.185678723105229,0.246146507188678,0.137276094220579,0.228753935452551,0.165798697623541,0.229761898331344,0.29611803740263,0.353178807813674,0.499883657693863,0.582804714329541,0.638871103269048,0.702821299433708,0.603240986540914,0.529557881550863,0.636420963145792,0.626025665039197,0.734732603747398,0.734740073978901,0.801322493702173,0.808637869171798,0.533835079101846,0.465191298350692,0.348734737001359,0.312112477421761,0.145806739851832,0.15898950729752,0.223284622016945,0.230608631911309,0.253674167953432,0.275221505109221,0.257273520249873,0.34113550549373,0.331717645516619,0.355032264906913,0.520470239967108,0.523299659602344,0.501284182071686,0.508390649594367,0.453012652695179,0.411814875341952,0.39944225884974,0.301981497649103,0.41637318674475,0.414032666076673,0.559309623017907,0.569391620182432,0.516651556454599,0.638766694441438,0.570313249062747,0.692317356914282,0.571724398434162,0.522194730862975,0.419984052190557,0.350578002413386,0.137768455315381,0.121525297826156,0.199768584547564,0.198908745311201,0.562288495153189,0.374298715405166,0.353346928209066,0.236126737482846,0.212553957309137,0.243332541827112,0.475009758933447,0.689432045072317,0.436997824721038,0.269273993745446,0.430748079810292,0.39418011251837,0.453717818064615,0.503769591450691,0.548150763846934,0.569491035770625,0.771360587910749,0.793440517038107,0.90467687882483,0.811650675348938,0.782053934037685,0.756277480348945,0.850581099465489,0.789681958965957,0.780885757133365,0.743964897748083,0.587849870882928,0.473175172135234,0.549697061814368,0.601234325021505,0.617233062162995,0.551515877619386,0.526304643321782,0.459136030892841,0.422480505332351,0.412140592560172,0.383694444969296,0.378321243822575,0.348406459443504
0.484405788592994,0.468682686239481,0.349377784132957,0.35959705254063,0.410297340899706,0.445051317196339,0.451925872266293,0.486030523944646,0.450463432259858,0.547209055908024,0.578184726461768,0.655409871041775,0.607365631606081,0.700015902519226,0.71897105500102,0.830404095351696,0.749540975410491,0.986136433109641,1.01794769999105,1.04960967153311,1.28981061801314,1.10685153752565,1.21042944639921,0.876164548099041,0.542693340033293,0.321626773197204,0.332542991265655,0.219515277771279,0.0953487734310329,-0.0348860431462526,-0.211822321382351,-0.1356051299721,-0.0322009335039184,0.0140135611640289,0.107950677815825,0.0591596364974976,0.119260821864009,0.0968582039698958,0.0379584109876305,-0.0253034980967641,0.0488259849138558,0.0719199253246188,0.0853772409260273,0.123534879088402,0.158922420069575,0.106105126766488,0.206905543804169,0.0877534367376938,0.00842281586374156,-0.173577239527367,-0.148209631303325,-0.22984512206167,-0.25773472471883,-0.207745704799891,-0.151849913783371,-0.132064965274185,-0.233359977602959,-0.17057392699644,-0.174361750658136,-0.132769134873524,-0.142987215705216,-0.200388948619366,-0.223925945162773,-0.249360227584839,-0.256796234101057,-0.275772147625685,-0.208973702020012,-0.279815109819174,-0.155720263905823,-0.177938338089734,-0.159501949930564,-0.0888558059930801,-0.0703867860138416,-0.0627520270645618,0.0165720604360104,-0.00272978711873293,-0.0154595758533105,0.0161169181577861,0.0715575220412575,0.152297083049598,0.184819017676637,0.183957961546184,0.27288143131882,0.326344152307138,0.368673313781619,0.380380556732416,0.377310492657125,0.455192181840539,0.413725651381537,0.527901174896397,0.56181309800595,0.682477993518114,0.826945240423083,0.840986037999392,0.893548194481991,0.90136133544147,0.951720892451704,0.851296535506844,0.672319308295846,0.424377823341638,0.437721135420725,0.302497489366215,0.176689884625375,0.143942796066403,0.11202060431242,0.0918763931374997,0.0938720237463713,0.130516101047397,0.121817732229829,0.135232788557187,0.103925336245447,0.148572353506461,0.240946873417124,0.345662395656109,0.514501638524234,0.586167404800653,0.682249222695827,0.67438640166074,0.642523524025455,0.627019350044429,0.660505549842492,0.618397631403059,0.628507912275381,0.633698096498847,0.572022922337055,0.556072293408215,0.374908393993974,0.403716908022761,0.391464368626475,0.500102812424302,0.423297942988574,0.308092514798045,0.335462159570307,0.379802029579878,0.468444323912263,0.633879891969264,0.650834364339244,0.793074513971806,0.625422364170663,0.521436670701951,0.562567452620715,0.500772257894278,0.468319306243211,0.513286141301796,0.486059634760022,0.501909498125315,0.530436815135181,0.575584990438074,0.541855458542705,0.526013449020684,0.432665834855288,0.341419335268438,0.386787057854235,0.344880191981792,0.321917323023081,0.314162433100864,0.233520181663334,0.149080196768045,0.116888288222253,0.203868195228279,0.176474923733622,0.284088126430288,0.264833778701723,0.202445863001049,0.301632523909211,0.382278022449464,0.230092202872038,0.34416915315669,0.557142971083522,0.515834861155599,0.405215544905514,0.353675230965018,0.322090633772314,0.304446128383279,0.354153286851943,0.422532406076789,0.444152566976845,0.616432209126651,0.630430966801941,0.795763031020761,0.737894415622577,0.693009955855086,0.879949483275414,0.942490835487843,0.938066826760769,0.839355183392763,0.88179828338325,0.709864456020296,0.831515047885478,0.781494449684396,0.731667825952172,0.682053716480732,0.657905926555395,0.602501717209816,0.555440575163811,0.513828229159117,0.47091604511952,0.434006436355412,0.387636382132769,0.368264019116759,0.293806506320834
0.696619538217783,0.641315005347133,0.547162553947419,0.567937307059765,0.548203928023577,0.602170561254024,0.508802235126495,0.577884204685688,0.516761701181531,0.597680447157472,0.521909066103399,0.590764651447535,0.603769122995436,0.635691049322486,0.689387176185846,0.670253643672913,0.651336590200663,0.678738967329264,1.06480528190732,1.17631508037448,1.34876802116632,1.22684439718723,1.23256186246872,0.736215060204268,0.606538955587894,0.560975982248783,0.312797827459872,0.111217382643372,0.0917433755472302,0.0298371230717748,-0.0871564151719213,-0.131562697514892,-0.0596161629306152,0.0265164336189628,-0.00519041335210204,0.0383698317222297,0.0644645247608423,0.0995772416237742,0.0856706432066858,0.0570650853216648,0.0667170286178589,0.115741659048945,0.10793475760147,0.105230059754103,0.0831318402662873,0.0981917776167393,0.0241994319483638,0.0719900738447905,0.105433204956353,0.048988329898566,0.129663645476103,-0.0253958395333029,-0.0994483111426234,-0.224748104903847,-0.181088045798242,-0.0496985410805792,-0.045659149531275,0.032190554914996,0.0501261084515136,0.168522374052554,-0.0454199634958059,-0.0673856837209314,-0.184065317735076,-0.170733036380261,-0.248119979724288,-0.33104562163353,-0.266585711436346,-0.295855889935046,-0.241867829114199,-0.198369527608156,-0.2090874645859,-0.145250481925905,-0.144017763435841,-0.102473608590662,-0.0440322998911142,-0.0552924253046513,-0.0374388840282336,-0.0370648987591267,0.0409514319268055,0.033133196644485,0.157398970425129,0.122762910835445,0.220384977897629,0.242075565666892,0.276999407267431,0.322894367598929,0.393134455569088,0.486690932512283,0.613326781243086,0.616786920651794,0.726095677539706,0.775982653349638,0.840019686729647,0.767779351957142,0.785954926628619,0.787446367554367,0.810347735969117,0.709297189116478,0.662402521353215,0.477811672748066,0.487024623155594,0.411352567374706,0.313432429078966,0.231924384646118,0.158849104121327,0.124546456336975,0.142167150706518,0.157293678447604,0.11383303347975,0.0565106077352539,-0.0103761255741119,0.0706897146534175,0.114967187121511,0.250021566078067,0.426854751631618,0.516473490931094,0.626281826943159,0.621283647231758,0.623314459994435,0.59298947067,0.620073300041258,0.619891325291246,0.591054995730519,0.579940371587872,0.680562470853329,0.692854719236493,0.720606531202793,0.691432453691959,0.874409206956625,0.769600670412183,0.794351942674257,0.610261727683246,0.803676967509091,0.817973712086678,1.04563098847866,1.00938197672367,1.11783064603806,1.01653441339731,0.86702131703496,0.682404398918152,0.711588466889225,0.574887396441773,0.535960279032588,0.48576954305172,0.605930841714144,0.603502376761753,0.62446891637519,0.60266671848949,0.559023299440742,0.485065765876789,0.295173508743756,0.233645762316883,0.275634569488466,0.302159103285521,0.242266754526645,0.245190794765949,0.1892722052522,0.192531130742282,0.190444411337376,0.186840839311481,0.161485832184553,0.136923127900809,0.224758666194975,0.312456483067945,0.330941997934133,0.347769767837599,0.460285193612799,0.604845308884978,0.543426437862217,0.484746349416673,0.232492938637733,0.204406886082143,0.263286986202002,0.234645816497505,0.184235882066423,0.22300417618826,0.409587892144918,0.462881188141182,0.651815535360947,0.735800848947838,0.75527449673973,0.823728715628386,0.868971715867519,0.920455688610673,0.868302127346396,0.894821895286441,0.815909189730883,0.78699693819508,0.759647927060723,0.732624969631434,0.67986353803426,0.626994897052646,0.62327781226486,0.570986269414425,0.55932251997292,0.486343484371901,0.519825326884165,0.465466891974211,0.42699039131403,0.398162033502013,0.32140656625852
0.606581339705735,0.605602591484785,0.679208989813924,0.698596051707864,0.683509609103203,0.63779805265367,0.587105665355921,0.642129191756248,0.65705480761826,0.516426254063845,0.428164979629219,0.435609900206327,0.529424310475588,0.52144168689847,0.680966321006417,0.671853352151811,0.730490033328533,0.712544876150787,0.738752686977386,0.894450153410435,0.955889987945557,1.10786509513855,0.953331345319748,0.988528696447611,0.701639734394848,0.503198733925819,0.240988317810115,0.0396383104671258,0.0301363976235734,0.02289483549539,-0.0318036405835301,-0.0112934086471796,-0.0372372980229557,-0.0165839670225978,0.0613335002213716,0.0844045063480735,0.0435596723109484,0.101447300729342,0.0849636657163501,0.173311756551266,0.159267962910235,0.243538865633309,0.202367051877081,0.116955562494695,0.0649154467508197,0.0417825497686863,-0.0582307856529951,0.111342315468937,0.0982093505794182,0.0611651154235005,0.189220998319797,0.0526688415557146,0.0387013755738735,-0.0766243001446128,-0.16461246246472,-0.0910921928472817,0.0322046005632728,0.110570380836725,0.210303398407996,0.221681553684175,0.0728887322358787,0.0146884850226343,-0.0635415785014629,-0.0980493706651032,-0.111572011932731,-0.228073914349079,-0.211652209982276,-0.208140646480024,-0.183205332420766,-0.104659776948392,-0.0618403412401676,-0.0405555821722373,0.0169350320473313,-0.0482528454158455,-0.00636501759290695,-0.016774729359895,-0.0128196797799319,-0.00598545396569534,0.0519312290707603,0.0754114166367799,0.109871907532215,0.12106946548447,0.159022017638199,0.278735371236689,0.274857017397881,0.36145846771833,0.355930447252467,0.480910873226821,0.387038680911064,0.44611145015806,0.420689966069767,0.486636901646852,0.40900398157537,0.384439945593476,0.388348983414471,0.371828076243401,0.348254146182444,0.445618545170873,0.508593443222344,0.54376132003963,0.40310210827738,0.388594457879663,0.37682757563889,0.295653518289328,0.229054667707533,0.211415359377861,0.257188934087753,0.209320807084441,0.135813612118363,0.134262532368302,0.00252573471516371,0.16102637097938,0.106216176203452,0.223294240608811,0.291691634058952,0.345193650200963,0.52047474347055,0.519356722477823,0.607320737466216,0.704430454969406,0.568396169692278,0.494480924494565,0.537682206975296,0.561453536897898,0.638422661274672,0.728836924955249,0.812212732806802,0.885585705470294,0.874780347943306,0.845854388549924,0.787573544925544,0.977954820450395,0.709888337086886,0.653645892441273,0.813842026889324,0.868045397102833,0.894816473126411,0.800003340933472,0.849028353393078,0.717858999408782,0.533773611858487,0.39613999100402,0.470244984794408,0.532834964990616,0.47296392545104,0.514073129510507,0.450806090049446,0.430408300459385,0.43926013354212,0.367621089145541,0.420954532083124,0.23357480019331,0.304844384267926,0.28135335019324,0.215460393205285,0.169695419073105,0.194562694896013,0.191056223399937,0.204933568369597,0.330754806660116,0.193827316537499,0.162862739712,0.263374242605641,0.324848912190646,0.495704019255936,0.600797753036022,0.712068181112409,0.640793445706368,0.467897756426828,0.287683749943972,0.216144663840532,0.352322960272431,0.316002214513719,0.289785053109517,0.21365506039001,0.271195309329778,0.424485455919057,0.616325245704502,0.709608965564985,0.790191199083347,0.790293180942535,0.770185946393758,0.829410983249545,0.829092932865024,0.886708617769182,0.861393724009395,0.825112692266703,0.760493889823556,0.726993593107909,0.667836162447929,0.659025265276432,0.661933473311365,0.601505856961012,0.555586498230696,0.47784766741097,0.453917436674237,0.376089112088084,0.333765390515327,0.299278155714273,0.304040340334177,0.274390555545688
0.505710060149431,0.56630696579814,0.593269573524594,0.648570270836353,0.635037875268608,0.609126149117947,0.585582746192813,0.599767762474949,0.62300839535892,0.45906907338649,0.302610838040709,0.238586226478219,0.31258830530569,0.365135947545059,0.428328040521592,0.491855975985527,0.527919968217611,0.481184463202953,0.413082775473595,0.399561035633087,0.470892723184079,0.580312211904675,0.570812877640128,0.706946864724159,0.622026011534035,0.330774261569604,0.218255612440407,0.0734516331925988,0.100587811964215,0.0750022459309548,0.0506602809764445,-0.00951953297480941,0.0208029283210635,-0.00981300766579807,0.123744063172489,0.137086779251695,0.151628097612411,0.126775841822382,0.204078340926208,0.249861685559154,0.305926535651088,0.350569703895599,0.373794136196375,0.288205841882154,0.200073696859181,0.0547836665064096,0.0337196789681911,-0.0138631568290293,0.102770973742008,0.112223900110257,0.135786569491029,0.143798268027604,0.000588490255177021,0.0272444451227784,-0.0622539412230253,0.0160744531080127,0.0554736997932196,0.113675085222349,0.105323846451938,0.108126484230161,0.0850263648899272,0.034582462918479,-0.00303185358643532,-0.0406397337093949,-0.0513107358943671,-0.146424976922572,-0.14199350764975,-0.0832088843919337,-0.0906933990539983,0.0234428243711591,0.0555897833779454,0.212645630538464,0.165007464215159,0.193383465195075,0.0459988158196211,0.0168251069262624,-0.0423893617466092,-0.0204862033948302,0.0377185293706134,0.108275488577783,0.0831584427505732,0.153864365443587,0.13525004722178,0.256484779529274,0.209653389267623,0.322131983563304,0.167808824405074,0.230144951306283,0.175365386065096,0.12820035116747,0.204509922489524,0.113766851555556,0.125493925600313,0.0543898866511881,0.0549078624695539,-0.0490073665976524,-0.0197194614906039,0.0712409440428019,0.146271909587085,0.247451022267342,0.302643331279978,0.200348344445229,0.204276417195797,0.142362926155329,0.153844118863344,0.200111337006092,0.233809014968574,0.270664455066435,0.25113038555719,0.363631749432534,0.263333589397371,0.390535382367671,0.25521067455411,0.338288260623813,0.252735126879998,0.31158250849694,0.387459054216743,0.575270807370543,0.424081381224096,0.610837547108531,0.499159935116768,0.496330033615232,0.46433466039598,0.523010744154453,0.579529721103609,0.772219584137201,0.755300641164649,0.727845799922943,0.593903421238065,0.651490781269968,0.466529254615307,0.705961149651557,0.416140794940293,0.332857966795564,0.3932079102844,0.532741467095912,0.496852249931544,0.635228531062603,0.59711235165596,0.590856282040477,0.374342845007777,0.368067895015702,0.359902702644467,0.41135495454073,0.372755958139896,0.381480385316536,0.364460238814354,0.385147603414953,0.35765342861414,0.462442240305245,0.279868141934276,0.253390708001098,0.205222046514973,0.198539289901964,0.174547762691509,0.16240100748837,0.223765336163342,0.232885257271118,0.348664489388466,0.420496958680451,0.420333596877754,0.535129565373063,0.376324999332428,0.52592402510345,0.519379420951009,0.609578676149249,0.477066847681999,0.48776459437795,0.399374926090241,0.405335489436402,0.427402693592012,0.300933399889618,0.322107671841513,0.266265374142677,0.3409450922627,0.444958141935058,0.471320239268243,0.723190555348992,0.732521134708077,0.826962576061487,0.70224828296341,0.706329792551696,0.620753562136088,0.720673898607492,0.624422654270893,0.653447327204049,0.672071526385844,0.614959562942386,0.637626391462982,0.546807800605893,0.604478918202221,0.579642659425735,0.500491231679916,0.437912880629301,0.329264445230365,0.289877454005182,0.17472337000072,0.146811293438077,0.0919133433140814,0.0744560689665377,0.0661990776658058
