0.473172593489289,0.45444557517767,0.478383241966367,0.46075522871688,0.472504609078169,0.506534006074071,0.476090936362743,0.488598599284887,0.469001954607666,0.482504854630679,0.430157370865345,0.370148139446974,0.325794257968664,0.275864834710956,0.259922504425049,0.327730354736559,0.346871327795088,0.395045174285769,0.360038864146918,0.336275706828019,0.412979250028729,0.402263807412237,0.341550879785791,0.233601481094956,0.301752090454102,0.287541989609599,0.234702506102622,0.170821528881788,0.0657636411488056,-0.0158145755529404,-0.0844479287043214,-0.116883644089103,-0.0506466886028647,-0.00798961883410811,0.0326195458881557,0.096652427315712,0.124877985194325,0.160852949507535,0.210192756727338,0.17689856281504,0.175234823673964,0.266148511320353,0.329692989587784,0.378594023501501,0.377598643302917,0.419531857222319,0.382063198834658,0.374341057240963,0.314222268667072,0.257361752539873,0.267497080890462,0.332952868938446,0.345196110755205,0.392168872058392,0.415008263289928,0.448213431239128,0.433021596819162,0.447159747779369,0.427391671389341,0.449661818891764,0.434888817369938,0.402105671539903,0.444785903394222,0.454645413160324,0.478697226569056,0.574069759994745,0.576842951774597,0.701716078817844,0.738881750404835,0.786787683516741,0.813859163224697,0.757332716882229,0.68151680380106,0.694576556235552,0.694973545148969,0.685874868184328,0.606471482664347,0.542516214959323,0.445727775245905,0.466136783733964,0.330481295287609,0.316385492309928,0.25218747369945,0.310632376000285,0.31553060291335,0.313709852914326,0.326729453355074,0.344711728766561,0.37020204924047,0.435376075282693,0.448276515118778,0.459907623007894,0.463806055532768,0.462375027500093,0.501907001528889,0.547534370794892,0.505155797302723,0.495471038669348,0.417273100465536,0.382156907394528,0.345724686980247,0.327886882703751,0.302837803307921,0.272954168915749,0.24221059284173,0.281702292314731,0.306605681777,0.32033932171762,0.298240185715258,0.282255194056779,0.232144580129534,0.205818622559309,0.134596719486581,0.189565116912127,0.184087884332985,0.242857887689024,0.249293865729123,0.352331919781864,0.336833981238306,0.389290752820671,0.379258052445948,0.472651390894316,0.564929646253586,0.589095570333302,0.554880563914776,0.600530972890556,0.565428139828146,0.646829423494637,0.669969240901992,0.824892612546682,0.792755251564085,0.803596871346235,0.936426404118538,1.01282410696149,1.09961111694574,1.10206489562988,1.12368080466986,1.13012989461422,1.13494962602854,1.10275134220719,1.15213398486376,1.16919388771057,1.10055001452565,1.18561295876279,1.06540825515985,1.05965112447739,1.09138804674149,1.12897169962525,1.23225739747286,1.24876383207738,1.28564520068467,1.32160342559218,1.3421349003911,1.40222812592983,1.43418853506446,1.47684290111065,1.52652550637722,1.51487812399864,1.49655266553164,1.57320368438959,1.57452442348003,1.58252688646317,1.53139818497002,1.47193483393639,1.41483236318454,1.43399916861672,1.4379488424398,1.47877223603427,1.58019288256764,1.57145521342754,1.56159085482359,1.55331580527127,1.38375379651552,1.28847449794412,1.23141085281968,1.32491411007941,1.2755936652422,1.36247955113649,1.47712348401546,1.62147577404976,1.57610329687595,1.74691438227892,1.73216877281666,1.80003925561905,1.8258494451642,1.87610789835453,1.84021238908172,1.7472096376121,1.63945169299841,1.67280385745689,1.76208456950262,1.81428726911545,1.90605969429016,1.96340736597776,2.05423240512609,2.06291959732771,2.0439966276288,2.03739518597722,2.07869792832062,2.14291675388813,2.26888276338577
0.524213229119778,0.488772545475513,0.471209949627519,0.440174984373152,0.408165187388659,0.371253037266433,0.391160778701305,0.345385450124741,0.385740171093494,0.337059542164207,0.373962419480085,0.339647626504302,0.358166657947004,0.382508179917932,0.392231616936624,0.478449796885252,0.515841401135549,0.573580443789251,0.59725406691432,0.633045243471861,0.677741340361536,0.696298806741834,0.65927207916975,0.536406522523612,0.47493691900745,0.396378833055496,0.324648028239608,0.2657181866467,0.143536982312798,0.0549679974094033,0.00252836924046278,-0.0438506137579679,-0.0578872110694647,-0.043179727345705,0.0338767075445503,0.0773743912577629,0.119331291690469,0.192627729848027,0.226844398677349,0.219574442505836,0.306905302591622,0.411548358201981,0.408169741928577,0.43002935051918,0.422261557355523,0.370622346922755,0.370997603237629,0.354620005935431,0.441296464204788,0.49581791786477,0.512881570309401,0.559149374440312,0.500005155801773,0.468736243993044,0.453687215596437,0.468680458515882,0.434173132665455,0.415842931903899,0.402102946490049,0.36929394826293,0.349843433499336,0.388798891752958,0.411441802233458,0.426957942545414,0.48903492949903,0.561408141255379,0.61414895132184,0.624078744649887,0.65381845086813,0.709882293641567,0.704423893988132,0.662468891963363,0.627458141744137,0.620639817416668,0.561661802232265,0.556976813077927,0.517548000067472,0.458220031857491,0.468228516355157,0.496405293792486,0.446842884644866,0.384589029755443,0.324254265427589,0.364218244329095,0.368584225233644,0.333561844727956,0.318534571677446,0.308806490898132,0.331407344527543,0.368299102783203,0.358884128555655,0.346044695936143,0.321956518851221,0.267868764912419,0.302767353877425,0.359222174435854,0.338418017327785,0.336351270787418,0.287142362096347,0.28929712921381,0.275695884227753,0.351494847075082,0.283723147958517,0.25078243680764,0.166729549900629,0.144090719660744,0.126604739017785,0.167843278730288,0.148159082036,0.192640246497467,0.175383392674848,0.182176226284355,0.139552636817098,0.231042824033648,0.2246458042413,0.304649272188544,0.265515890996903,0.289406215772033,0.323549982532859,0.361967321485281,0.409586495533586,0.501945918053389,0.634842230938375,0.695519622147549,0.717174974642694,0.747929602861404,0.806668694317341,0.804773082397878,0.917841895949095,0.928971982002258,0.942944614589214,0.965093357861042,1.03317014425993,1.05045767202973,1.12737931609154,1.08169172331691,1.11095718592405,1.13622096627951,1.13917271718383,1.09764121472836,1.18403407633305,1.17624811381102,1.25170302540064,1.26615576148033,1.32929906845093,1.30718320533633,1.23715791776776,1.21984121315181,1.20236402601004,1.1689973756671,1.20189115256071,1.26179100791924,1.38252951949835,1.46408489495516,1.42313860505819,1.52192399501801,1.55586747080088,1.55024449825287,1.6421694278717,1.70659582316875,1.76531843841076,1.74305943790823,1.64160267673433,1.61216890700161,1.42212275136262,1.43918474391103,1.47665593395941,1.59057289659977,1.62973517030478,1.54924687854946,1.47988991327584,1.4642584007699,1.43481741808355,1.350912574213,1.28953172639012,1.38580648452044,1.42453861832619,1.45379635691643,1.56987408399582,1.57215781509876,1.55927082002163,1.68060316443443,1.74788030087948,1.85583718717098,1.83485265672207,1.9203029692173,1.81787959635258,1.72108804062009,1.78615768775344,1.87439014017582,1.88085327665322,1.86577199026942,1.82984641641378,1.87676994428039,1.90358356013894,1.88808954060078,1.88570416271687,1.92943801134825,2.01483595073223,2.13740347921848,2.22767095565796
0.476602532994002,0.457950595021248,0.430697221308947,0.40479677086696,0.371053107455373,0.303070030361414,0.294289379520342,0.271326118335128,0.272629131563008,0.292389176879078,0.318278776295483,0.359387051314116,0.403452197834849,0.428187366575003,0.526739504560828,0.59960109218955,0.723557063937187,0.799582861363888,0.840055158734322,0.94628074914217,1.00875647068024,1.00291470568627,0.973622962832451,0.891580283641815,0.739731086883694,0.628769439272583,0.56317333355546,0.445293778181076,0.347294870764017,0.246110847406089,0.17509271800518,0.0979665774852037,0.0906255560461432,0.0933963470160961,0.181754172593355,0.225376020185649,0.254422820452601,0.356944984197617,0.418143491446972,0.423335981578566,0.508831209689379,0.517245186120272,0.52888840213418,0.50438668243587,0.524997201375663,0.472676361352205,0.49452539049089,0.503492549061775,0.537721597775817,0.578834547195584,0.621990517899394,0.598628416657448,0.546640123520046,0.465132924169302,0.487203411385417,0.496683878451586,0.514501153677702,0.489481690526009,0.470935125648975,0.383950051665306,0.390268480032682,0.377419430762529,0.447025407850742,0.468295575678349,0.513871673494577,0.542810754850507,0.53849216774106,0.48138020709157,0.470224063098431,0.488749127089977,0.492698395252228,0.522764346003532,0.439062017947435,0.457066351175308,0.392574264109135,0.371591671742499,0.399993841350079,0.391065419651568,0.444487739354372,0.47211981639266,0.428670750185847,0.32616826351732,0.290454465150833,0.274920745287091,0.297978488076478,0.209483221545815,0.215383954765275,0.206515752803534,0.2209637273103,0.233791474066675,0.236700859479606,0.225264799874276,0.192899714410305,0.11821271404624,0.154637215659022,0.201928155869246,0.155598994344473,0.191997383534908,0.213889601826668,0.223747252067551,0.242026607925072,0.315965801337734,0.1972054079175,0.208147558150813,0.109108469737112,0.0974978217855096,0.0316432921215892,0.088195273745805,0.0706392526626587,0.196449090912938,0.223495744913816,0.285379096399993,0.240962439775467,0.331273384392262,0.299765969906002,0.385688131733332,0.339130565151572,0.313338387385011,0.325532923638821,0.394503745250404,0.463831757567823,0.594281306688208,0.68851766793523,0.802519483305514,0.880877297464758,0.949823645502329,1.03764556795359,1.01343975439668,1.12111275494099,1.04739359468222,1.09118991270661,1.11949755176902,1.13840762339532,1.08576672263443,1.15276158750057,1.11277329474688,1.16538142412901,1.18352344334126,1.17776927687228,1.20378919690847,1.25876623988152,1.22401086986065,1.29707231521606,1.37067755162716,1.430592918396,1.41218259930611,1.34398092031479,1.27534909397364,1.26203966736794,1.21396777331829,1.2733928501606,1.30245877020061,1.4932631501928,1.53758862763643,1.56022060289979,1.54423983022571,1.6204842351377,1.64126069396734,1.71944876462221,1.72437500357628,1.81490274071693,1.77905017733574,1.76583268195391,1.66331485323608,1.55071121379733,1.59410274326801,1.64043737575412,1.68653267771006,1.67038363143802,1.52511180303991,1.40999611504376,1.37721168212593,1.39583901138976,1.42952955439687,1.46241744831204,1.52806615978479,1.54033821374178,1.51999848335981,1.55765223503113,1.54011732637882,1.61430849134922,1.64025205075741,1.75253105461597,1.83954359591007,1.88791187107563,1.91559192240238,1.78889453262091,1.82488925904036,1.84658242985606,1.90605362206697,1.90584875047207,1.83146195113659,1.78684613257647,1.78126656860113,1.82582292556763,1.7861868204549,1.91392922922969,1.89552338272333,2.03938934952021,2.02055310830474,2.13849134594202
0.41693816203624,0.411494426277932,0.397076534479856,0.354947602190077,0.35055100787431,0.307912642508745,0.308311335742474,0.293557294434868,0.319284438784234,0.387749197334051,0.464575871452689,0.516011918336153,0.619268907979131,0.647305010445416,0.796507326141,0.848641201853752,1.02955164909363,1.05798268616199,1.17272496521473,1.2307649159804,1.26373710483313,1.17974189603701,1.13934117901954,1.03575120195746,0.906800832599401,0.782355595007539,0.755062951147556,0.617049620300531,0.562389800325036,0.469306623004377,0.382395188510418,0.304869747161865,0.334097106009722,0.362525168061256,0.429083782806993,0.497595067694783,0.527632332593203,0.595902259647846,0.650007976591587,0.638738063722849,0.609212014079094,0.574206232465804,0.578903960250318,0.591729415953159,0.583929324895143,0.561661894060671,0.592563388310373,0.599719565268606,0.614890538901091,0.600144786387682,0.609022953733802,0.573343008756638,0.548508756607771,0.534445612132549,0.535575790004805,0.58628262206912,0.528811965882778,0.554746201634407,0.542412362620235,0.512681155838072,0.546124725788832,0.563480557501316,0.63795046582818,0.638901969790459,0.596435349434614,0.545669041574001,0.510884518921375,0.375370593741536,0.345260239392519,0.240401319414377,0.312674614787102,0.291102515906095,0.235043862462044,0.203118813037872,0.281024490296841,0.183176415786147,0.30610770881176,0.291137349978089,0.360260482295416,0.362130509875715,0.307278504164424,0.253143945895135,0.209621453564614,0.151308971643448,0.144211188703775,0.0395213928073645,0.0208411391824484,-0.00345275029540062,-0.0218098878860474,0.053369290754199,0.101940617687069,0.122511027753353,0.0974470045417547,0.0795879515004344,0.105126930214465,0.174334015697241,0.151828903658316,0.152142975758761,0.159943656623363,0.263527028262615,0.25781943036709,0.287168938107789,0.177845493890345,0.234808759856969,0.122567183338106,0.201163344085217,0.138091183640063,0.165779202058911,0.176353980973363,0.230867118015885,0.289795917831361,0.402629593014717,0.394471037108451,0.472186643723398,0.455033808154985,0.516393810510635,0.497305957973003,0.447786838031607,0.370963775552809,0.432486717402935,0.459117518365383,0.639129219652386,0.688953407108784,0.783759875036776,0.914446359220892,1.06631904542446,1.04919293448329,1.08488883376122,1.05360774062574,1.05636664628983,1.20044602006674,1.21893069222569,1.26001581475139,1.24878661036491,1.26264162510633,1.25837143398821,1.22497259229422,1.26450106054544,1.12571693956852,1.22254451215267,1.26956849992275,1.26675168424845,1.306849360466,1.39998260438442,1.34974516630173,1.32321407794952,1.31093108654022,1.27907930910587,1.3002739328891,1.26606855764985,1.29569986518472,1.29225463569164,1.4049905795604,1.47769249714911,1.57109734416008,1.50171138569713,1.5838974788785,1.63897282555699,1.67948507368565,1.6685274079442,1.71254885792732,1.75984814614058,1.82321180701256,1.71168167889118,1.74487647265196,1.803629745543,1.74645749181509,1.71896077450365,1.50412249596557,1.34022737084888,1.31263669654727,1.27355739362538,1.40886934120208,1.50135790617205,1.59537020847201,1.70666868984699,1.65909956395626,1.69264232516289,1.58747265189886,1.63592040836811,1.65307025685906,1.69622707366943,1.75783647596836,1.82551139593124,1.93241187036037,1.90804603099823,1.93051409125328,1.95509019941092,1.81979105398059,1.82224710509181,1.80299164748285,1.75082150902599,1.67349965423346,1.6490114826709,1.68508345223963,1.69021892175078,1.82058977857232,1.81980673670769,1.90806289315224,1.86566200256348,2.01299634277821
0.55464142523706,0.624250870943069,0.604418653901666,0.545203257800313,0.508554881904274,0.493110717087984,0.519349864125252,0.512604980356991,0.593455239012837,0.632142901420593,0.77891511619091,0.842472988367081,0.934486427903175,1.03763102889061,1.14103755056858,1.18285695910454,1.31111374795437,1.29900279194117,1.42587812840939,1.32968352325261,1.28712030760944,1.19050475955009,1.13774118199944,1.02182480171323,0.95121193791274,0.841652662213892,0.809744581952691,0.765515979379416,0.725366691313684,0.649266129266471,0.578033826500177,0.537540180981159,0.53731184899807,0.536105495691299,0.587230887264013,0.665795646607876,0.698359028249979,0.741746357083321,0.716902926936746,0.678552363067865,0.645633456530049,0.606370781548321,0.612934028543532,0.622711677104235,0.62740799728781,0.599213577446062,0.628347638156265,0.645504795387387,0.656864603608847,0.567693834379315,0.57384290844202,0.526737052947283,0.532311892881989,0.531328920274973,0.558146741241217,0.560446561127901,0.449089816957712,0.45425103046,0.49586695227772,0.534883342403919,0.573993348237127,0.644984949193895,0.669326776266098,0.689415163267404,0.592750402167439,0.516573956608772,0.476618441939354,0.308467699587345,0.234440621733665,0.0827381759881973,0.135211192071438,0.058465950191021,0.0791765660047531,-0.00441154018044472,0.1435158604756,0.134536647051573,0.232404275238514,0.189172813296318,0.195303426682949,0.127888168615755,0.121002241037786,0.090261444915086,0.080972608923912,0.013466760260053,-0.0189432471990585,-0.0876164021203294,-0.0854644117644057,-0.146031893976033,-0.184652347699739,-0.158492750488222,-0.110728814499453,0.0283598907291889,-0.0066659415140748,0.0239849877543747,-0.00151171833276749,0.0920443624258041,0.183337215310894,0.235239274054766,0.179230508767068,0.355216284096241,0.372561153536662,0.39361995793879,0.339402081631124,0.327083109645173,0.261462409421802,0.297144416812807,0.320939934253693,0.391972199454904,0.373882556991884,0.379111797967926,0.38205039256718,0.484552822913975,0.530287938565016,0.635327220335603,0.67579989368096,0.677940742547798,0.650223361421376,0.635502249933779,0.57240630555898,0.567378251079936,0.561922874581069,0.665141916833818,0.765409258008003,0.874495407007635,1.03512148037553,1.12017725929618,1.16212227903306,1.17281575798988,1.12265442162752,1.21061612989288,1.30067716017365,1.25325060561299,1.31238548457623,1.30887898877263,1.29643724132329,1.27019720594399,1.21236055642366,1.21956572942436,1.15654787831008,1.22688775658607,1.28554281294346,1.31256959736347,1.38588028848171,1.39676267504692,1.3339784771204,1.31640843451023,1.35867200493813,1.36207041442394,1.3753952011466,1.39034375995398,1.40652095228434,1.38135866373777,1.40528399273753,1.44423961900175,1.49322010651231,1.520369823277,1.50701895803213,1.58389721512794,1.6713914938271,1.63419430553913,1.64920144528151,1.75012056231499,1.81693824827671,1.78127735853195,1.77852960824966,1.7731664031744,1.73876268491149,1.65543899275362,1.51868838444352,1.44075197055936,1.43928204402328,1.44556648656726,1.51469721961766,1.52620900971815,1.65033891797066,1.71510809361935,1.75568447113037,1.80926083922386,1.76562961041927,1.80251330379397,1.83235953897238,1.88298505879939,1.84092491716146,1.86836259365082,1.97115768194199,1.97528159022331,1.98681820333004,1.89571259617805,1.75388090908527,1.68108249008656,1.65236108489335,1.65659269019961,1.57145203333348,1.58915798058733,1.55222592055798,1.61344317740295,1.67813764307648,1.78280956298113,1.82011256734841,1.86428970098495,1.88311962634325
0.975688955187798,0.949742619693279,0.880104552209377,0.853784808516502,0.818919333815575,0.842259199917316,0.851261804997921,0.913023298978806,0.975823178887367,1.04331033527851,1.08368991911411,1.16254795789719,1.23539369702339,1.33576339781284,1.40440694689751,1.4532824575901,1.5313868612051,1.53508066385984,1.58481521904469,1.50485512316227,1.46501608714461,1.42321931421757,1.30616286769509,1.10498983487487,0.93200838714838,0.886640215665102,0.825796894356608,0.795146482624114,0.730137644056231,0.679492915049195,0.659090022742748,0.646290240157396,0.644771469756961,0.603252243250608,0.620653846487403,0.65406354740262,0.651272792741656,0.672254426777363,0.669726062566042,0.70173249358777,0.680325340945274,0.67477710788371,0.701864020852372,0.704210237879306,0.702542426716536,0.72725994635839,0.679656265862286,0.638908634427935,0.579320149309933,0.503765268996358,0.538869827985764,0.518591957353056,0.580870112404227,0.550063044577837,0.490492424368858,0.38431535018608,0.35212803799659,0.36727658258751,0.448082233965397,0.538238484971225,0.607604585681111,0.622412039712071,0.673216260969639,0.703242314606905,0.622961662709713,0.481630796939135,0.311947005987167,0.148572318255901,0.036118096113205,-0.121400502324104,-0.0606972843408585,-0.106398043781519,0.00517356060445309,-0.0292880304157734,0.071595674706623,0.15934792868793,0.155334662552923,0.12945216614753,0.0638907067477703,0.00702582709491253,0.0477161763701588,0.0221752824261785,0.00730197092052549,-0.0514480402693152,-0.089730002079159,-0.0937705719377846,-0.0826141022145748,-0.119685138808563,-0.209154440881684,-0.229371968470514,-0.162355176359415,0.0497442136518657,0.0549521571956575,0.052626078389585,0.00872884392738342,0.0509585594758391,0.166684567322955,0.30914896633476,0.297572733834386,0.479322638362646,0.482831548154354,0.535678004473448,0.499339917302132,0.447299727750942,0.391078719496727,0.406646974757314,0.461620270460844,0.565006987378001,0.516317132115364,0.550129634141922,0.48412341400981,0.592501790542155,0.697387115936726,0.83325505591929,0.823603818938136,0.788769660750404,0.751987451233435,0.827805333584547,0.781620148662478,0.825111025990918,0.802548341918737,0.831634017638862,0.898647036403418,1.08533028364182,1.22812114059925,1.2418887257576,1.32244797162712,1.29797204211354,1.35357570685446,1.41118647754192,1.35310800597072,1.27808606922626,1.29395617693663,1.2758596085012,1.251612938568,1.23750970065594,1.15526948347688,1.17882644571364,1.21709563583136,1.27971270680428,1.3170533105731,1.32629299461842,1.3858393996954,1.37662620842457,1.42075574696064,1.44630338847637,1.48053326010704,1.51753301024437,1.58650387823582,1.64214089512825,1.66167488992214,1.58905055969954,1.47142163664103,1.39264967960771,1.44032293539494,1.51879219040275,1.55827495753765,1.67654084041715,1.63226220607758,1.61015893220901,1.63135542571545,1.71252645403147,1.7969365388155,1.78290635347366,1.75721312612295,1.70856329351664,1.70262698754668,1.62702652066946,1.72009668834507,1.71332191973925,1.729897159338,1.76941880211234,1.72578571736813,1.72131116315722,1.82706500291824,1.85157576948404,1.87945107370615,1.93946556448936,1.94959591627121,1.93461577538401,1.84818717055023,1.8407173898071,1.79438361153007,1.80426079854369,1.77955050319433,1.74680263400078,1.77791046500206,1.73014819025993,1.79344004690647,1.72329019010067,1.72218927592039,1.67706670705229,1.65186457177624,1.67279112711549,1.66075094640255,1.71662551946938,1.7001469780691,1.74719952363521,1.80493466621265,1.8019738510251,1.71496658653487
1.18704634457827,1.15586091428995,1.12743452489376,1.16107510328293,1.16105564832687,1.1556923687458,1.23281816840172,1.33682458996773,1.31407814025879,1.33298055231571,1.36266317665577,1.42458140850067,1.49063069522381,1.50583655238152,1.57632253170013,1.62049896717072,1.70269080996513,1.69191141724586,1.72686896026134,1.71222662031651,1.70766593813896,1.60788353085518,1.48159313201904,1.24535355269909,1.00941970832646,0.979024521261454,0.949618351459503,0.896075851470232,0.858484207093716,0.816103176213801,0.787711215857416,0.788208857551217,0.791003604722209,0.736749261629302,0.728152867313474,0.709787785261869,0.704270257055759,0.672269200533628,0.686158836819232,0.732144209370017,0.702719466760755,0.745207154378295,0.740801657922566,0.729003235697746,0.683646497875452,0.675332536152564,0.666075240913779,0.619687665114179,0.539274866878986,0.546151359286159,0.495457076281309,0.518165113031864,0.521918491274118,0.494303731620312,0.38793007126078,0.291986153647304,0.290070391740301,0.303893182519823,0.411151719093323,0.523696113098413,0.535120833665133,0.540842805430293,0.550304369651712,0.554295656457543,0.490141349285841,0.332305493205786,0.158442812040448,-0.022141519933939,-0.0973347324877977,-0.216248337179422,-0.129825849505141,-0.130843542702496,-0.0150591280311346,-0.0462706876918674,0.0208405776880682,0.0751841945573688,0.0694561745040119,0.0649676606059074,0.0478648173462716,0.00137348584830761,0.0353077262639999,0.0111896914429963,-0.0398770133033395,-0.0463212474249303,-0.100207042135298,-0.109093147842214,-0.106500715762377,-0.104967702180147,-0.136357098072767,-0.0904451318085194,-0.00830589011311531,0.121194885112345,0.18024282886181,0.248184625292197,0.218282450735569,0.262902570143342,0.313297008769587,0.436807887256145,0.458963142987341,0.595095448661596,0.600357744842768,0.624634807929397,0.629129090160131,0.609538637287915,0.625671229511499,0.653687494830228,0.673369037359953,0.708028434589505,0.73759914599359,0.69910953824874,0.723685676790774,0.785357663477771,0.873720130184665,0.911112098768353,0.872982170432806,0.859245486184955,0.924370801262558,1.00165295377374,0.999326800182462,1.01441142112017,1.08187877982855,1.10959644317627,1.09721626192331,1.22807393670082,1.3601705789566,1.39813985824585,1.42060843706131,1.40174253359437,1.44715887159109,1.46266632676125,1.36765048354864,1.30058236941695,1.2955017849803,1.26357389688492,1.30427566468716,1.28504595458508,1.24367983862758,1.22780185993761,1.30808573290706,1.38332677185535,1.46368252038956,1.42420243024826,1.4694903999567,1.44704064130783,1.50056456625462,1.51842824518681,1.56783619225025,1.63009450137615,1.72213222384453,1.74704613983631,1.82546856105328,1.76703472435474,1.58413431346416,1.47213560193777,1.55642818659544,1.59443322569132,1.74080908000469,1.69296938031912,1.63329218477011,1.682268679142,1.6856638237834,1.72952860295773,1.70793081074953,1.7363516241312,1.70995773524046,1.69734602272511,1.72849351912737,1.73913977146149,1.77934178411961,1.81102962046862,1.84398445188999,1.85890493988991,1.85413726866245,1.82736297100782,1.92821565531194,1.91083301231265,1.92798962593079,1.91424151957035,1.98337571918964,1.88867705389857,1.83614338636398,1.81825921682175,1.88475708626211,1.85652661146596,1.82857154123485,1.82334829643369,1.85383178591728,1.88459518700838,1.99821517467499,1.95880650281906,1.94095563590527,1.83786292970181,1.7672571234405,1.76392119079828,1.76809092760086,1.76369304060936,1.66975195854902,1.62274777851999,1.63370209024288,1.61927700191736,1.52636025175452
0.909376260638237,1.04453232586384,1.16505780518055,1.24654983580112,1.27816252112389,1.32084191143513,1.32176134586334,1.39332517981529,1.40379658341408,1.3836401283741,1.46726766228676,1.52491980344057,1.52961473017931,1.60858932137489,1.61014648675919,1.75893433094025,1.67470234632492,1.78569104671478,1.60477692782879,1.6119533598423,1.40392787158489,1.27826448976994,1.10697384476662,1.03547556772828,0.971071301400661,0.953220478445292,0.915516722947359,0.938417951017618,0.876486415881664,0.802968189539388,0.783115977793932,0.781369159556925,0.777824017591774,0.722057369211689,0.727701275981963,0.704130129981786,0.703576409071684,0.606607714854181,0.636316697113216,0.637287812307477,0.653385936841369,0.670024111866951,0.676768106967211,0.663331380113959,0.667804309353232,0.663882979750633,0.638171389698982,0.606223361031152,0.584394351020455,0.569578509032726,0.475208088755608,0.438806796818972,0.414921608567238,0.403544272016734,0.426818207651377,0.418590273708105,0.402763997018337,0.381309491768479,0.428127246908844,0.446496514230967,0.352329621464014,0.332944329921156,0.270199221372604,0.228607680089772,0.224110583402216,0.159194867289625,0.0454904269427061,-0.111144770309329,-0.152299226913601,-0.176647998439148,-0.138063773605973,-0.11073631872423,-0.0325726345181465,-0.0900479283649474,-0.014089379645884,0.040078536933288,0.0842800720129162,0.108147236704826,0.142887350544333,0.110337074659765,0.0725626300089061,0.0598123481497169,-0.0316694434732199,-0.0444710871204734,-0.0492767825722694,-0.0672986297402531,-0.0192047700285912,-0.0393634157255292,0.0248975479975343,0.144667009066325,0.185470876470208,0.22037192042917,0.230692380294204,0.38004234759137,0.372421690693591,0.453828217089176,0.491059903427958,0.629425303637981,0.624643499404192,0.69190511405468,0.718693165481091,0.715837925858796,0.703630782663822,0.77548373490572,0.899760654941201,0.887103409902193,0.898453945666552,0.869564582407474,0.934642296703532,0.910510660149157,0.974869917379692,0.98168504294008,0.980021815747023,0.957589065283537,0.840345164597966,0.898440539045259,1.02460242286325,1.08644246831536,1.14533569216728,1.16012193383649,1.31566266566515,1.38838416785002,1.3168399810791,1.34328434169292,1.36171950101852,1.38620249629021,1.44319823384285,1.41596618294716,1.41272537559271,1.4309613764286,1.37365016043186,1.31424106582999,1.30420385270845,1.30301014482975,1.34709273725748,1.31439387202263,1.34336470887065,1.34825977087021,1.46369935795665,1.5496253490448,1.48669909238815,1.46642825901508,1.42920149564743,1.45992289483547,1.48818487524986,1.52294826507568,1.59982065558434,1.7382372379303,1.59066481590271,1.69547882378101,1.67186177670956,1.70643472671509,1.67210242748261,1.64974837005138,1.7403155118227,1.76273100823164,1.84531421363354,1.73282419890165,1.75816589295864,1.80967944562435,1.78321188390255,1.77078738808632,1.68039034903049,1.68266389369965,1.6024509742856,1.62034908235073,1.69759168326855,1.72501951754093,1.77886305898428,1.84482290744781,1.8865724503994,1.86247898042202,1.88663374036551,1.89924875348806,1.90923554599285,1.89794591516256,1.94976668953896,1.94239357113838,2.01423364579678,1.98416115045547,2.02505643926561,2.0824574097991,2.00261213858612,1.89311117324978,1.93406071402133,1.92455227011815,1.84037102945149,1.87787091098726,1.84043684899807,1.74916233420372,1.71449982225895,1.65841026287526,1.63936352655292,1.63035147711635,1.62869949936867,1.6450745433569,1.52783386185765,1.57110425848514,1.41147404797375,1.47605789634399,1.34772970890626
0.645325779169798,0.797988367080688,0.966475167870522,1.11921612024307,1.18439509570599,1.30452609062195,1.2765184879303,1.33643256127834,1.42101428210735,1.45646387729794,1.49899579668418,1.52580923875794,1.55110356770456,1.60940360575914,1.61178717911243,1.70693944990635,1.68085705935955,1.76719368100166,1.63801059424877,1.59989181756973,1.41475303769112,1.31333319693804,1.196807015175,1.20447528660297,1.22644378691912,1.19528075307608,1.11551686599851,1.03492443077266,0.924297569692135,0.876753043336794,0.846793598681688,0.836616955325007,0.822086952999234,0.780111804232001,0.797596032172441,0.755800718069077,0.720439164619893,0.627019107155502,0.649410266429186,0.653921563737094,0.627241849340498,0.581164850573987,0.546525042597204,0.576423366111703,0.619233576697297,0.670898729376495,0.604988070996478,0.556899545527995,0.532210124656558,0.491308560967445,0.433988258987665,0.393551027588546,0.351087421178818,0.372326216101646,0.410468126274645,0.474711039359681,0.392835564538837,0.355347666144371,0.311609698832035,0.26223948597908,0.214914114959538,0.207864750013687,0.165024130698293,0.114425056800246,0.0968800028786063,0.0339658710174262,-0.0500442253425717,-0.107976211793721,-0.164901675656438,-0.13342848457396,-0.043354775843909,-0.0383175788447261,0.00403018427314237,-0.0316398710012436,0.00895160606596619,0.0568195678293705,0.140360252466053,0.155850547272712,0.236372001469135,0.215809991210699,0.15566417388618,0.108683551102877,0.0497493270784616,0.0139985783956945,0.0122191042639315,0.0266832801979035,0.0804468949325383,0.114472527243197,0.185621964279562,0.304968832433224,0.321957964153262,0.298946061974857,0.282082455232739,0.376190011389554,0.426868067681789,0.500765100913122,0.572795335203409,0.66871665045619,0.7103590618819,0.762865778803825,0.781947965174913,0.784042107965797,0.828130447305739,0.933204273506999,0.989722976041958,0.985355436382815,1.01704451441765,0.990872414037585,1.04354469422251,1.05998117141426,1.06975794695318,1.03760978318751,1.06413309480995,1.00960859470069,0.998481836915016,1.08113995166495,1.19155320618302,1.19819556232542,1.2465436860919,1.30169058814645,1.38057022094727,1.36066914647818,1.33408077657223,1.37919866144657,1.32744559645653,1.34531879723072,1.3736436933279,1.32815946489573,1.30059014111757,1.32334362566471,1.33463018164039,1.28674179733789,1.32942426279187,1.36231038495898,1.38784952238202,1.38295798581094,1.41723397150636,1.45308090820909,1.5489070981741,1.54400332272053,1.53530741930008,1.51008359491825,1.52492163181305,1.56870518922806,1.68100771307945,1.66613151729107,1.85083730816841,1.80573102831841,1.72288719415665,1.77014882862568,1.77453718185425,1.84047024250031,1.87118446230888,1.86041677594185,1.87991624176502,1.88856729269028,1.85723335146904,1.84512258768082,1.78562221564353,1.78180253505707,1.7869764238596,1.74213202595711,1.77053989470005,1.67185758650303,1.61109397411346,1.67725112438202,1.73948458731174,1.76134124696255,1.78686647862196,1.85838533639908,1.93279460668564,1.91841193288565,1.93033546581864,1.96966746449471,2.01750087141991,1.9894766420126,1.99218785315752,2.00872712731361,2.04132246077061,2.05523760691285,2.08504652334377,2.08473224416375,1.91351042352617,1.80844423361123,1.77205912917852,1.70325857102871,1.64539833788294,1.63167264834046,1.56830567084253,1.49642326906323,1.49737406093627,1.48925650119781,1.54028277024627,1.57176044285297,1.60666199820116,1.54986533559859,1.52783772274852,1.55914737731218,1.53000877648592,1.5506570905447,1.48875126494095
0.963586201146245,1.01803872734308,1.14985790550709,1.23716053068638,1.37100909352303,1.41324400901794,1.52455937862396,1.53344824016094,1.58492192327976,1.53542187213898,1.6333491936326,1.62576399371028,1.66306947991252,1.62139875590801,1.62128132544458,1.56244360506535,1.65380699932575,1.60058775544167,1.72218174040318,1.67962593436241,1.69779253005981,1.60314754545689,1.5711285173893,1.48027870208025,1.43847993612289,1.37221053540707,1.27207083255053,1.06245016232133,1.05382593655959,1.02154846638441,0.977727300859988,0.942655574530363,0.896525933593512,0.883363393926993,0.882545502111316,0.801737020909786,0.771475565433502,0.709283329732716,0.604065744206309,0.540317765297368,0.505384701211005,0.411402532178909,0.434959119185805,0.444589430931956,0.510182936675847,0.526261812262237,0.576698844321072,0.551220888679381,0.447766797989607,0.39553380087018,0.375946643203497,0.394192691147327,0.336522221565247,0.326132464408875,0.273269809037447,0.243267813324928,0.171797164529562,0.174297862499952,0.15024424251169,0.0999645998701453,0.146490556001663,0.174710233323276,0.146227673068643,0.102411384135485,0.0470262158662081,0.00188403083011508,0.00801507495343685,-0.0256560001522303,-0.0497625630348921,0.0690399819519371,0.0673380954191089,0.071461892593652,0.117588958516717,0.189642999507487,0.154483206896111,0.164217733731493,0.194394499226473,0.207587725296617,0.26195557420142,0.246848969906569,0.215223535615951,0.150203943811357,0.120733225904405,0.142410990968347,0.061647299490869,0.131599582359195,0.0530171297490597,0.208538318239152,0.255845481157303,0.335607592388988,0.351882754592225,0.351876465976238,0.336147007346153,0.400614709407091,0.475744304060936,0.563915339112282,0.628562502563,0.655103349126875,0.731308386474848,0.832527256011963,0.764802914857864,0.776275063678622,0.906933837756515,1.05529582984746,0.950111406296492,0.983750436082482,1.06129637509584,1.10121361613274,1.110317479074,1.10864557898603,1.07783149648458,1.02521796114743,1.09600001648068,1.08377372957766,1.22404591888189,1.2569204413332,1.30363216586411,1.27688138782978,1.29269188791513,1.36862976253033,1.23362465947866,1.20369035005569,1.25936923623085,1.34638698995113,1.37347116172314,1.40028633624315,1.39518225938082,1.32552158385515,1.27106144279242,1.28976719081402,1.21997124776244,1.22060250043869,1.36498475894332,1.40431171804667,1.45644280444831,1.49285143329762,1.48161129113287,1.55527321770787,1.50961809158325,1.54454575031996,1.69109078645706,1.70856121778488,1.78735574781895,1.81875603199005,1.90012040734291,1.98249331116676,1.8722718834877,1.79294236898422,1.76448134183884,1.73975304365158,1.92976466417313,1.9745997428894,2.0152140557766,1.97000196576118,1.91108331084251,1.89138763695955,1.89339913725853,1.88576430678368,1.88146405667067,1.80593806803226,1.76949497908354,1.72353665232658,1.78178345263004,1.72652741372585,1.78068521618843,1.79986630678177,1.86375017762184,1.86906760334969,1.86410657465458,1.90853526592255,1.95341441035271,1.97453698515892,2.06845074892044,2.06897198408842,2.10129828900099,1.9974775403738,1.99428081214428,1.94428408592939,2.05450011789799,1.99615013748407,2.0552438005805,1.95155252125114,1.89973783828318,1.8126419570297,1.74765310622752,1.75409520417452,1.73600997300819,1.64398908987641,1.56367032788694,1.53150400090963,1.5635747153312,1.55481869950891,1.56487111505121,1.5383940808475,1.59496873691678,1.53805297315121,1.5911359757185,1.50909266918898,1.60191894471645,1.56281419470906,1.61075125895441
1.36818992868066,1.39427181370556,1.42391594350338,1.50605312287807,1.56714533269405,1.65550415813923,1.66587355136871,1.73230218589306,1.66722936332226,1.68055916726589,1.63143448531628,1.59908443838358,1.54594427347183,1.51092435717583,1.44402384907007,1.41940731108189,1.44921509623528,1.47418050169945,1.53170088529587,1.57702307105064,1.56968726813793,1.52197519242764,1.46260982826352,1.40241762921214,1.29908133894205,1.23971479982138,1.19701999053359,1.13025553449988,1.13867468349636,1.09098001271486,1.07989221699536,1.05414349250495,0.987194841355085,0.945333336293697,0.88864761441946,0.787151551805437,0.811385595239699,0.810682347416878,0.710976986773312,0.646839896589518,0.6146743375808,0.542155192635255,0.54542323667556,0.540497394651175,0.475573962554336,0.415570129081607,0.423596652969718,0.398753070086241,0.305030923336744,0.254764387756586,0.285799776017666,0.330025259032846,0.308244886994362,0.261307647079229,0.187605441838969,0.167945939488709,0.148809412727132,0.204084159433842,0.206444343551993,0.172437603678554,0.155427884683013,0.181628775969148,0.164686907455325,0.15972889685072,0.141525634750724,0.182676436146721,0.225701168602245,0.219573751435382,0.215421664249152,0.248466176725924,0.229856564477086,0.264626117330044,0.329168292274699,0.428380176611245,0.36049766917713,0.366168790776283,0.335483366716653,0.319990712124854,0.28841810785234,0.290181198716164,0.279707086738199,0.251908042933792,0.247497000172734,0.266992094181478,0.194526426494122,0.241418574005365,0.146817715652287,0.22982491014991,0.294881869852543,0.375112525187433,0.383575105667114,0.440969509631395,0.418489077314734,0.490807027369738,0.534580276533961,0.578016862273216,0.67110522761941,0.623085214197636,0.799770370312035,0.846048456244171,0.851251415535808,0.868296621367335,1.00051350705326,1.10194644220173,1.09626663383096,1.14340681135654,1.16531278416514,1.17893982231617,1.15165285542607,1.12231171131134,1.08956657461822,1.10794525465462,1.18077409397811,1.24237805865705,1.29633342325687,1.26528861373663,1.271540030092,1.2095447987318,1.24053072184324,1.21238026693463,1.19188113510609,1.25142112672329,1.25388570874929,1.30680667907,1.35152941159904,1.36335058882833,1.38379065170884,1.32670993506908,1.33296716969926,1.29002541699447,1.21955113131553,1.21883674785495,1.39775884710252,1.42730583995581,1.49510256499052,1.49719703886658,1.59038693606853,1.63500843048096,1.67376763671637,1.77585413455963,1.87574369013309,1.92589052915573,2.00111903548241,1.94835711121559,2.00568282604218,1.98634650707245,1.89931033849716,1.90138945579529,1.84688236117363,1.87537435293198,1.97840245366097,1.96476052999496,2.00642915964127,1.99516790509224,1.89013814330101,1.85258905291557,1.89101928174496,1.90274958610535,1.90999605953693,1.84930160790682,1.78255224972963,1.79962892234325,1.78752437531948,1.83733465671539,1.87978642582893,1.87099556028843,1.90151994824409,1.93527351915836,1.97703374028206,1.96657173931599,1.96092961728573,1.99132936000824,2.09022724926472,2.16617149412632,2.06749671399593,1.99076479971409,1.97383362054825,1.9898624137044,2.06455710679293,2.046964225173,2.05759051591158,2.01591420918703,1.94507340919226,1.84883197955787,1.80224026888609,1.82634838074446,1.82729091644287,1.77670622840524,1.5927699431777,1.53331235721707,1.53582665994763,1.64087730304236,1.59671426340938,1.54450484141707,1.48545027337968,1.51071068793535,1.55348383225501,1.51129981018603,1.44129979894496,1.44526410652325,1.38598984666169
1.39559551179409,1.44177258312702,1.47791294008493,1.53377111852169,1.55998929738998,1.62843136191368,1.63590116202831,1.64969908595085,1.69259935319424,1.59794667959213,1.44539951980114,1.28314906805754,1.19427942410111,1.14712926000357,1.13197548277676,1.14649862042861,1.20117615908384,1.20954646989703,1.24198311343789,1.3091495886445,1.31421765685081,1.33250644505024,1.28130050934851,1.32011110335588,1.25973803512752,1.23960087783635,1.2256256327033,1.24783247709274,1.23974374569952,1.16860664263368,1.11520753875375,1.10699622631073,1.08957540988922,1.00167288780212,0.906122941896319,0.8077991142869,0.740571382641792,0.665786371566355,0.682609944650903,0.696678071236238,0.750882501155138,0.704015590250492,0.653372748941183,0.550510146422312,0.398117797076702,0.25431374758482,0.257739385962486,0.206475559994578,0.207037808001041,0.22722056498751,0.294109497219324,0.337580627948046,0.344203657004982,0.281269231066108,0.276991724222898,0.30729197524488,0.284236583858728,0.303755639865994,0.172105944927898,0.133221555873752,0.140943452529609,0.145963883772492,0.149502546805888,0.199472635611892,0.213093906175345,0.281462826300412,0.343696320382878,0.375330650433898,0.390862417931203,0.312254467234015,0.364389278413728,0.403248224500567,0.415767876652535,0.495611421857029,0.427215390629135,0.44230163116008,0.401856544986367,0.365091194421984,0.29020119337365,0.304951130831614,0.347873141989112,0.359413091652095,0.365607097558677,0.391983636841178,0.351159125671256,0.334676667489111,0.28164485283196,0.281374971009791,0.366849617287517,0.391572336526588,0.40879506804049,0.467757466901094,0.447918554442003,0.579847314581275,0.560752502828836,0.635107277333736,0.625240737199783,0.63715400993824,0.824781413376331,0.92584934681654,0.967219764739275,1.0382997168228,1.08998794257641,1.18670150488615,1.19647194687277,1.28466237653047,1.12929209582508,1.14971935525537,1.1069120042026,1.10352052003145,1.17608416322619,1.25636414140463,1.26802412196994,1.30816667228937,1.31606017202139,1.29187259674072,1.25632647424936,1.21823758929968,1.20283712223172,1.11300858184695,1.18571485541761,1.19140854403377,1.16854173392057,1.1948545884341,1.21241122148931,1.26370469368994,1.28405180107802,1.35034328307956,1.41756554469466,1.41194449700415,1.41594176441431,1.42053442075849,1.3946471080184,1.44273907244205,1.51982709765434,1.53839987069368,1.70426835119724,1.73528814017773,1.9759913623333,2.03138218522072,2.1087332367897,2.11853645443916,2.15114234089851,2.05188349485397,2.05262249708176,2.00220144987106,2.00887833237648,1.96669880151749,1.95048216581345,1.9895564198494,1.8365181684494,1.77117325216532,1.80978993177414,1.83058097809553,1.82124797105789,1.79207552671432,1.88592637777328,1.91522368490696,1.89938196837902,1.90679160654545,1.98040597736835,2.00484771132469,2.00509530305862,1.99575473368168,2.0358557254076,2.01603392660618,2.01590090095997,2.05099123418331,2.07438554763794,1.98788675069809,2.02576568722725,1.9762377768755,2.00230778157711,2.10472015142441,2.0976661324501,2.06409999132156,1.96389827430248,2.05328425765038,1.97797221839428,1.96682750880718,2.00390181839466,1.98056008815765,1.9721639867872,1.88925888184458,1.85527659150066,1.73979571443051,1.78339592516422,1.72259976752102,1.67326199971139,1.59826519452035,1.57549519985914,1.64552082568407,1.57498872783035,1.52663766667247,1.46741129532456,1.4727970123291,1.5416150316596,1.47257400080562,1.40623666569591,1.30129272986669,1.21679954454303
1.29593297988176,1.33458989113569,1.39079208225012,1.44368013590574,1.46078732907772,1.44327141046524,1.48076396882534,1.43976982831955,1.51356488466263,1.42004845738411,1.32988278120756,1.17888846099377,1.09812638368458,1.04164979681373,1.01426522061229,1.03669967278838,1.08656609803438,1.08474117219448,1.1060367140919,1.14694747589529,1.16395887620747,1.1781192086637,1.17276420965791,1.19378315508366,1.1545129718259,1.16266551651061,1.12332454919815,1.15896937549114,1.15326200425625,1.07600013911724,1.00918661728501,1.00360568799078,0.972472314164042,0.907784800417721,0.821251869946718,0.772495858743787,0.665404656343162,0.54979589022696,0.521816853061318,0.525919980555773,0.585071693733335,0.579185731336474,0.500421269237995,0.404021437466145,0.264008232206106,0.182828122377396,0.199354905262589,0.210569220036268,0.232159120216966,0.296750673651695,0.356668674945831,0.40288004130125,0.411641158349812,0.374828280787915,0.391855968534946,0.366624849010259,0.404217410832644,0.324467914551496,0.220660042576492,0.228897934034467,0.251315254718065,0.222999590012478,0.18751928601414,0.222266957163811,0.3526552002877,0.421160047128797,0.417431488633156,0.426083352044225,0.452853470342234,0.362695235037245,0.350995418429375,0.380197574337944,0.34919347204268,0.423279819340678,0.426341028668685,0.446948090218939,0.455826396495104,0.428108713030815,0.391080960631371,0.412596550770104,0.435950676503126,0.469104236736894,0.480098891630769,0.489329471811652,0.442842808668502,0.380816449937993,0.380790847912431,0.414011557772756,0.460626094043255,0.404509679228067,0.416712058777921,0.449814743828028,0.46814255566569,0.579488305747509,0.636492324061692,0.675164220202714,0.721552052348852,0.788904944062233,0.935488578677177,0.995128670334816,1.13115656673908,1.2440507620573,1.33104032725096,1.28345945971087,1.32403099760413,1.30417792350054,1.31144397929311,1.25004157342482,1.28405196554959,1.30534513555467,1.37656069733202,1.40733028501272,1.40186105892062,1.34085783883929,1.37093450725079,1.37402076870203,1.35104023218155,1.28479264229536,1.23717275410891,1.17521380856633,1.11682827062905,1.07810806948692,1.09075191989541,1.10231626220047,1.16530168950558,1.24920434225351,1.29513139948249,1.42334183678031,1.53998142555356,1.56602879241109,1.67221258282661,1.59872921407223,1.55343939960003,1.58162117004395,1.68860194683075,1.72619770765305,1.81133288741112,1.85493003726006,2.01212513446808,2.10436297655106,2.16332271099091,2.1679761826992,2.10126839876175,2.07694566547871,2.03000097870827,2.00235079526901,1.93314331173897,1.9351002573967,1.91919280290604,1.91399311423302,1.75971657931805,1.72096574604511,1.77334607243538,1.86193312704563,1.93768956065178,1.95847760438919,2.01126244366169,2.07992414534092,2.08907467722893,2.11710010766983,2.20591185688972,2.2145470738411,2.22206110954285,2.21476194560528,2.15158165991306,2.07049944102764,2.0280797123909,2.04988312721252,2.01471577584743,1.94030056595802,1.97578631043434,1.92725085914135,1.95410366356373,1.98048651218414,2.05747883319855,2.0347006380558,1.96654938161373,2.01976044178009,1.89180355668068,1.82922279462218,1.81526145068929,1.83390830606222,1.82357561700046,1.81367006264627,1.77915861420333,1.65172870801762,1.63030293108895,1.56223032523412,1.60990146622062,1.60103007927537,1.5307697840035,1.48278965055943,1.41393988654017,1.35688238214934,1.36837426871061,1.41294240020216,1.43300767540932,1.34800970368087,1.28739279787987,1.12478672266006,1.08551200702786
1.1813564108219,1.18073335904628,1.20746075846255,1.25761203151196,1.25465335324407,1.25279480633326,1.2671164020896,1.32167512476444,1.27614725977182,1.3327508315444,1.29925201311708,1.31336071174592,1.25750020295382,1.23178434018046,1.16610598228872,1.1423211120069,1.01120026186109,1.01931903809309,0.981077641341835,1.04172116592526,1.05115359909832,1.09192645065486,1.06008188948035,1.00072452956811,1.0016722664237,0.973314818367362,0.983736382424831,0.996396797895432,1.00016296841204,0.942746175825596,0.930336605012417,0.933942764252424,0.869193078950047,0.81392784267664,0.768723953515291,0.733030392974615,0.722204374335706,0.686989669315517,0.590694620460272,0.529032223159447,0.479961880668998,0.446072357520461,0.336202911566943,0.255749553721398,0.203814666718245,0.198100955784321,0.226967114955187,0.280401050299406,0.327138429880142,0.372843845933676,0.411085876822472,0.437615323811769,0.452084189187735,0.427913575619459,0.421362738311291,0.423306909203529,0.394373502838425,0.302595298178494,0.343775894166902,0.385277967015281,0.322727456875145,0.269719485985115,0.312896721996367,0.400602152384818,0.478002015454695,0.506176024675369,0.426101802103221,0.452076601982117,0.41880775988102,0.345161655917764,0.314282563701272,0.35060615837574,0.377721424726769,0.421391325816512,0.467116668995004,0.503616200340912,0.524047827077447,0.528482072660699,0.510388715099543,0.508383887261152,0.454348407126963,0.527447446109727,0.558810110297054,0.498556660860777,0.470870107086375,0.449100768472999,0.474404694372788,0.557234118878841,0.517877573892474,0.505298560112715,0.497458546527196,0.503232577396557,0.502966186776757,0.716247653216124,0.626191459968686,0.75800239299424,0.741398368775845,0.922064869850874,0.963470454514027,1.0557091370225,1.23417733758688,1.41451827064157,1.44618572890759,1.37556458893232,1.39798478689045,1.4249435223639,1.3914578281343,1.32749442439526,1.426795399189,1.41065924316645,1.42348153442144,1.4490273706615,1.52617758624256,1.43147699199617,1.43931238651276,1.45267263352871,1.44211313128471,1.39177143424749,1.22493440508842,1.19047660753131,1.1069587584585,1.09287915676832,1.18845562487841,1.17895713746548,1.28514606505632,1.34099942743778,1.42176166474819,1.53954348489642,1.65627095997334,1.75119154155254,1.73970926702023,1.61900727450848,1.65962918996811,1.64809094071388,1.78802228271961,1.83166886270046,1.89229715764523,1.81347364783287,1.89152777493,1.97606382369995,2.07312852144241,2.04982000589371,2.05359123051167,2.0139862716198,2.02446021437645,1.94067552089691,2.02486037611961,1.97123302221298,2.04700150489807,1.98507841229439,1.99412243962288,1.95778938233852,1.97689664065838,2.04636795818806,2.10198648571968,2.10632044672966,2.12463233470917,2.14424266815186,2.15833141803741,2.13753776550293,2.12478501796722,2.11114210784435,2.14631874859333,2.12099909484386,2.07203249335289,2.00576543807983,1.97599720656872,1.9871072769165,1.94406581521034,1.94311993122101,1.90714231729507,1.93516907095909,1.86311821043491,1.79058568179607,1.8477474719286,1.81977260410786,1.83602521270514,1.80589149417356,1.76927168816328,1.71313066966832,1.74025316275656,1.75548789110035,1.68182576466352,1.61522287521511,1.60286474626046,1.56260723397136,1.5335028083995,1.49095475524664,1.40135517511517,1.40097203496844,1.32878939453512,1.3052175430581,1.22107337415218,1.22280948869884,1.18158535063267,1.19147141762078,1.2057512327563,1.16777719017118,1.1481454892084,1.02320792451501,1.0179640352726
1.15041562290862,1.11539663076401,1.10457505881786,1.07108104228973,1.10832953341305,1.15354894385673,1.19345933806326,1.24134583249688,1.26147710233927,1.2614073254168,1.3026699163951,1.31671966472641,1.31985754640773,1.35139671713114,1.33449108600616,1.28250240236521,1.08174598710611,1.02790111009963,0.926396357396152,0.941294545307755,0.963022708520293,1.00259008407593,0.973660340160131,0.944097013771534,0.915579536493169,0.858770881220698,0.857323897257447,0.843818977475166,0.834747709706426,0.822366647422314,0.854011555016041,0.851268675923347,0.802492019883357,0.755984769947827,0.741339127719402,0.688456679880619,0.697110219672322,0.66347812092863,0.543872168334201,0.458856362663209,0.440301955770701,0.35503948815167,0.32680519297719,0.270604947209358,0.248435059189796,0.240526396781206,0.287629681825638,0.336650558561087,0.41070114672184,0.464270969107747,0.513826460391283,0.534562036767602,0.553493843600154,0.549402216263115,0.535344907827675,0.525857573933899,0.477302332129329,0.46118334941566,0.470910889562219,0.458597537130117,0.429849348030984,0.428726770915091,0.528681104443967,0.592565426044166,0.46506000328809,0.411894630640745,0.349796899780631,0.373856266960502,0.338986540958285,0.284773454070091,0.241196587355807,0.321469085663557,0.415065706521273,0.490874327719212,0.559232435375452,0.639217567123705,0.625850598141551,0.680752931535244,0.635362522676587,0.619315604493022,0.589983225008473,0.642774812877178,0.659105594083667,0.588759503606707,0.6374527271837,0.630569406785071,0.643413686426356,0.661239647306502,0.649801968358224,0.633069248683751,0.697380537819117,0.629981094226241,0.804232209175825,0.789036399126053,0.932333764061332,0.96552180275321,1.04422310702503,1.15193200260401,1.2712321922183,1.37288791274186,1.42420866973698,1.48327135592699,1.4689697239548,1.45580659359694,1.40530655235052,1.42338095223531,1.38291789516807,1.44948050528765,1.52419985085726,1.51559870541096,1.55366805195808,1.58686120063066,1.64661434516311,1.58734641075134,1.57639897763729,1.48703191876411,1.55618474185467,1.50951458364725,1.44730314463377,1.39230789877474,1.38498770371079,1.41783637329936,1.52790066152811,1.51055635213852,1.59527448266745,1.5385944634676,1.61447518467903,1.57070841491222,1.76138921678066,1.82062855362892,1.76876422166824,1.71310513317585,1.69224512428045,1.66834096089005,1.82710144519806,1.9219642996788,1.99803658127785,1.93307284116745,1.88579955399036,1.90214977264404,1.92767127156258,1.94109525382519,1.95730268359184,2.00455866456032,1.95804542303085,2.03155789971352,1.98951364606619,1.96486271247268,1.9613420009613,1.9742845505476,2.04924097061157,1.99053231775761,1.94311801940203,1.97375612258911,2.04697937965393,2.01530549228191,2.06758993566036,2.03481607139111,2.03076409101486,1.97016111910343,1.96377603858709,1.97122051715851,1.98747751712799,1.94160575568676,1.99917658567429,1.95079287439585,1.98424715250731,1.96793146729469,1.97854783385992,1.9569137647748,1.91579090207815,1.9248921751976,1.8324506059289,1.78945814296603,1.80187737643719,1.83075071722269,1.80257196947932,1.78079372048378,1.76131112203002,1.70236437059939,1.75753906527534,1.75552687151358,1.698653155379,1.58335889019072,1.53487573713064,1.54890457447618,1.49079698957503,1.47644351273775,1.4013433739543,1.35717104822397,1.27799032069743,1.25018006116152,1.17899222839624,1.17785661369562,1.12892995849252,1.12889204267412,1.12987826056778,1.11126965172589,1.0684668675065,1.03423822689801,0.989366123825312
0.935530582163483,0.955323947221041,0.960390608757734,0.974787880899385,1.02044559493661,1.05662703104317,1.08135213926435,1.10533640980721,1.18622675836086,1.2507373675704,1.28536581192166,1.29642340652645,1.31347818151116,1.35218339562416,1.34031618535519,1.23902285592631,1.16781112737954,1.04637583103031,0.980371578130871,0.936289262771606,0.989746249467135,0.970645031996537,1.02467205072753,1.04162561181001,1.004528123606,0.917625004798174,0.864331177994609,0.753450996056199,0.689214972406626,0.721935356408358,0.726551254838705,0.688134566694498,0.699662782251835,0.672244729101658,0.726462454162538,0.676775766303763,0.6563153013587,0.586607321351767,0.507126154005528,0.465058250725269,0.448720153421164,0.338165634498,0.308541284501553,0.263810923695564,0.256488554552197,0.235269167274237,0.249346096161753,0.26633216496557,0.374017389118671,0.401892280951142,0.479294832795858,0.460585919395089,0.473789828643203,0.477042656764388,0.47370889429003,0.443830051273108,0.467902942374349,0.467468659952283,0.470693401247263,0.459251783974469,0.46805081255734,0.499656946305186,0.544633906020317,0.488131602481008,0.34508420843631,0.289066877961159,0.289546929299831,0.332552798092365,0.286575751379132,0.252206373214722,0.239025385677814,0.337964460998774,0.430072000622749,0.567113841697574,0.65233430886874,0.743781072646379,0.76849123146385,0.87177500880789,0.854731375165284,0.867012752778828,0.808091975748539,0.858841487020254,0.724309860169888,0.765194511058507,0.756600330770016,0.758213800704107,0.788287451118231,0.777925934642553,0.814717364031821,0.848084560781717,0.86852480750531,0.92619020678103,1.02622326761484,0.950464673340321,1.19742734804749,1.19892065599561,1.2986537180841,1.37100754473358,1.37600502334535,1.35303081159946,1.35006931968965,1.37244327366352,1.44145088382065,1.48268816620111,1.5108328692615,1.54389873743057,1.53600734174252,1.55213029980659,1.60692330002785,1.63868138790131,1.65447125136852,1.73098569437861,1.58479182459414,1.58272716850042,1.58142679929733,1.52475402951241,1.58600501269102,1.57757244408131,1.67379648536444,1.63110219836235,1.67639464139938,1.68163627721369,1.7129236266017,1.74386548101902,1.75553949922323,1.69286890923977,1.71058202683926,1.61298677623272,1.72743518352509,1.7127777159214,1.84713083207607,1.89083907008171,1.8444440305233,1.85129473507404,1.86050533056259,1.88060307204723,2.00558121204376,1.96424530744553,1.90100471675396,1.90395604372025,1.77607620507479,1.76782397776842,1.88057483434677,1.9373555034399,1.94499993622303,1.96597078442574,1.96904937177896,1.97398656234145,1.92092815041542,2.06011384427547,2.00411143302917,1.98819768428802,1.8721858561039,1.94899937808514,1.91520393192768,1.86177245974541,1.90441463589668,1.89876012802124,1.92043596804142,1.89697959721088,1.96637939214706,1.96405159831047,1.95695230066776,1.91848146915436,1.94073235690594,1.91028079986572,1.91187745630741,1.90384569615126,1.90871522128582,1.87359947264194,1.89554872214794,1.84771871566772,1.9399118065834,1.88713566362858,1.91395519971848,1.94923270642757,1.96011708378792,1.9545971930027,1.91874966025352,1.8442988499999,1.69046294018626,1.62110138882417,1.62326728254557,1.56240606606007,1.57677458692342,1.57310991995037,1.49984601289034,1.49523669593036,1.55050060003996,1.50783238690346,1.42582431286573,1.31618562266231,1.24478164855391,1.18712901268154,1.1897782982327,1.17181089455262,1.10741064846516,1.02230674764141,0.943241916596889,0.954227197170258,0.913021869584918
0.933543828781694,0.934408656787127,0.955602078512311,0.973651749826968,0.989915493503213,0.974480452761054,1.01314016878605,1.01200046781451,1.05871399305761,1.1251989595592,1.16217004060745,1.2278222642839,1.26887363344431,1.31781390756369,1.31767574697733,1.21809654080716,1.15627653449774,1.03224713131785,0.990187729522586,0.961536106467247,0.988470132648945,0.964136008918285,1.01407410129905,1.04054846037179,1.04770537670702,0.97364148539491,0.880514489673078,0.738267948990688,0.664568608626723,0.671671112551121,0.663847572356463,0.654018178582191,0.689081076905131,0.69931567683816,0.719403614290059,0.725179332413245,0.619120698492043,0.572546347230673,0.536484581977129,0.552602191269398,0.534446314349771,0.483722671866417,0.395923754386604,0.33941186517477,0.349467360600829,0.309247628151206,0.32656491654925,0.341855689883232,0.438852979242802,0.439387860521674,0.497376723401248,0.473545051366091,0.461192375421524,0.425942148268223,0.386862838640809,0.351680425088853,0.336264508590102,0.334229989349842,0.393743776530027,0.413893416710198,0.468797469418496,0.478143153525889,0.40749217569828,0.303836503624916,0.24705863520503,0.288523091375828,0.329972985386848,0.310604620724916,0.293085688352585,0.322217093408108,0.395193040370941,0.452148209046572,0.528502488136292,0.63941068649292,0.718627148121595,0.77101726680994,0.846232578530908,0.944092575320974,0.987985143810511,0.98792804031109,0.978203705325723,0.928310834616423,0.865117421746254,0.908675606548786,0.933562955167144,0.932089860737324,0.950850992277265,0.949900839477777,1.0235864341259,1.04431384503841,1.09665687084198,1.1652879729867,1.09706008862704,1.10042593590915,1.12479862943292,1.18058628942817,1.23790049515665,1.20186523646116,1.26548579409719,1.34699828252196,1.3400992937386,1.3892635628581,1.53274979740381,1.60029815733433,1.67919215261936,1.72814051508903,1.70176147669554,1.68394955098629,1.75320746898651,1.73329191505909,1.73522247076035,1.67451073378324,1.67626342922449,1.68875624239445,1.69025931358337,1.66474023461342,1.72312103062868,1.76040354073048,1.75689974278212,1.74145845919847,1.70114106833935,1.66993840560317,1.74782195314765,1.78595657944679,1.76308150142431,1.73460927456617,1.78774774968624,1.78368332386017,1.77305623292923,1.7156478844583,1.84541020430624,1.89493388086557,1.94988242387772,1.92819868922234,1.94475417137146,1.9387769728899,2.04329066574574,2.08245239853859,2.1241568505764,2.08711821436882,1.94381643757224,1.89227194786072,1.97711544632912,1.96115315556526,2.01820332705975,1.95137620270252,2.03268885612488,2.0014121234417,1.99871756732464,2.05170346796513,2.0399745464325,1.99866785109043,2.00717859566212,1.96869252324104,1.90809795260429,1.85535672307014,1.87081314921379,1.87648361623287,1.93440372049809,1.92691491246223,1.97675636410713,1.95236973166466,1.93671746551991,1.89818653464317,1.87292700707912,1.87905196845531,1.82093315720558,1.83645441308618,1.81468569822609,1.8558832526207,1.82803770024329,1.7646138638258,1.841007360816,1.83205804526806,1.82973434627056,1.77565716356039,1.81014920249581,1.82195067629218,1.78209357075393,1.72999555617571,1.57484629228711,1.47122916951776,1.47763847885653,1.50793982669711,1.55743152797222,1.52341685965657,1.45116526596248,1.47548692747951,1.49012944810092,1.45528626870364,1.40619314052165,1.32522818716243,1.21561198458076,1.16064822841436,1.15539146030787,1.09796948246658,1.0177388638258,0.923177747055888,0.909217131044716,0.897455015778542,0.883550128433853
1.11362095735967,1.10722192982212,1.10050408747047,1.07889030923577,1.05134929544292,1.03671705555171,1.0242319341749,1.01095201224089,0.992187810316682,0.997273979336023,1.0171742898412,1.06305739865638,1.12324801012874,1.17827103231102,1.20533788874745,1.1847821071744,1.07829304682091,1.00291600301862,0.929528981819749,0.898426062054932,0.826270130928606,0.890824057534337,0.788255896605551,0.790996835008264,0.788031608983874,0.744377642869949,0.704115262301639,0.675211064331233,0.656471229530871,0.679710810817778,0.686138348653913,0.741322310315445,0.698084459081292,0.687325373664498,0.613068159995601,0.569757637567818,0.542914961278439,0.531385176256299,0.538846328109503,0.577640487253666,0.597652497515082,0.576947927102447,0.531051257997751,0.501612404733896,0.46354004368186,0.435258445888758,0.458845043182373,0.463073804229498,0.439084043353796,0.403730585984886,0.357702129287645,0.341791551560163,0.39540319442749,0.387588700652122,0.386523877084255,0.381102092564106,0.371327904844657,0.410125496424735,0.445381557941437,0.492366996221244,0.48977499564644,0.496875932812691,0.385158663243055,0.31147044301033,0.282657039165497,0.337110373936594,0.310092129558325,0.309106146916747,0.36959994584322,0.409872329235077,0.534183496236801,0.620018590870313,0.615501599013805,0.657612234354019,0.744068297185004,0.859293898753822,0.869138814054895,0.963681259192526,0.888907489366829,0.913568814622704,0.939473694562912,0.908006548881531,0.934493663534522,0.979299610084854,0.90812225304544,0.929768100380898,0.991184063255787,1.03721027895808,1.11037978511304,1.11482862867415,1.17874874719419,1.20413919240236,1.16389459855855,1.09330550208688,1.0605780184269,1.1881437420845,1.21718861805275,1.15321361087263,1.37940493691713,1.48909367714077,1.55891465246677,1.57664605081081,1.66563834697008,1.69016078412533,1.77229458987713,1.81205937564373,1.91135511547327,1.89718649089336,1.84635892510414,1.79963526725769,1.76003670692444,1.65858405530453,1.80043843388557,1.78247416913509,1.77687366604805,1.70679123848677,1.78156932890415,1.75997911393642,1.78596152067184,1.72743321955204,1.71104282587767,1.66211430430412,1.75272296816111,1.77783999294043,1.76398394703865,1.77872014641762,1.75906419456005,1.84105730950832,1.7196181461215,1.63402916938066,1.6979367941618,1.68192351199687,1.87683976590633,1.84719297885895,2.09049496352673,2.15039835572243,2.1760556101799,2.19375025629997,2.24961169362068,2.20268293619156,2.10989216715097,2.09667005836964,1.91822485029697,1.84348668456078,1.90411472916603,1.89914158582687,1.96719799637794,1.97313498072326,2.02455841228366,1.96483237817883,2.04176778122783,2.03192558810115,1.99001055955887,1.85406546592712,1.82311225533485,1.77530350983143,1.79369715452194,1.81430304646492,1.88510844707489,1.87673988342285,1.90734465718269,1.89944132566452,1.88702073395252,1.82901851534843,1.78300340175629,1.77787000536919,1.77329907119274,1.72669858187437,1.72619815319777,1.74610916823149,1.67611867189407,1.6159505690448,1.59923804476857,1.67192189693451,1.64581453353167,1.54603930413723,1.530564571172,1.50794754177332,1.51946264700964,1.48443186245859,1.49687769412994,1.52049858421087,1.4195407807827,1.45925096273422,1.36464041396976,1.31172054931521,1.29551538359374,1.34601807463914,1.33209309726954,1.30915123559535,1.30231153033674,1.26611836962402,1.21625119112432,1.15397969149053,1.164947655797,1.11063952940749,1.06910475790501,1.02553922964726,1.05343576557934,1.02550249951892,1.01797757335007
1.28983109332621,1.26213208641857,1.2591029137373,1.23419012278318,1.23162865415215,1.1903577670455,1.18414701297879,1.13070882102475,1.13684106823057,1.10421453788877,1.10305326618254,1.07416234239936,1.10355360731483,1.10943085104227,1.12406402826309,1.10232152827084,1.0152869916521,0.937257512100041,0.924989221838769,0.836909813061357,0.779125137813389,0.807920211425517,0.734450002759695,0.705351081490517,0.646610630303621,0.613566549122334,0.608370008319616,0.622086218744516,0.656663895398378,0.708456738572568,0.740433650801424,0.766583079239354,0.738267346844077,0.702095778100193,0.655519865453243,0.543206416256726,0.531065335310996,0.543681039568037,0.568491450324655,0.56489144936204,0.559452374791726,0.581422109529376,0.585181426070631,0.592726099863648,0.548849298804998,0.518993455544114,0.53208198286593,0.450650934875011,0.321914115548134,0.260915985330939,0.195159222185612,0.155961608700454,0.192320850118995,0.235934484750032,0.264837775751948,0.338720019208267,0.368983093649149,0.403271247446537,0.422820340842009,0.444642713246867,0.371439010696486,0.321463190019131,0.305896555632353,0.331576824840158,0.345516626536846,0.332737958233338,0.318991535156965,0.405260568112135,0.509974724799395,0.563823853619397,0.650073951482773,0.663644206523895,0.746148227155209,0.695517884194851,0.818792644888163,0.866248019039631,0.92580760945566,0.875397812202573,0.93512672893703,0.936395930871367,0.999238801747561,1.0216611251235,1.08425946906209,1.01577279865742,1.03490146566182,1.0721935287118,1.13940540403128,1.16793102696538,1.2022723570466,1.21570756733418,1.1561667829752,1.15454581454396,1.14638047511689,1.09622057713568,1.08134077312425,1.15896443380043,1.21014737524092,1.36966460123658,1.4318326858338,1.49241755977273,1.5927254030481,1.65687245875597,1.66375176906586,1.72583901137114,1.76548064649105,1.86346089541912,1.86744414865971,1.82340449392796,1.75684840977192,1.73292496502399,1.78247055113316,1.75248725116253,1.78205511868,1.80037382245064,1.79539962410927,1.72926754802465,1.73800201565027,1.74849504604936,1.80377970486879,1.74824575968087,1.77679633796215,1.69013449698687,1.72571859657764,1.68196782618761,1.72025140672922,1.69147705584764,1.62806022614241,1.6524691157043,1.5994726151228,1.62421440333128,1.70757472068071,1.71491565406322,1.85589202642441,1.92429799437523,2.14642598032951,2.22411087155342,2.2043880879879,2.10183218717575,2.10931015610695,2.09411984086037,2.08484499752522,2.05147047638893,1.8826821744442,1.81366386413574,1.84888830184937,1.86533075198531,1.88654117435217,1.85005728751421,1.89458220414817,1.85430595576763,1.81454649195075,1.79481521397829,1.69245422631502,1.69760776162148,1.61530716717243,1.53631785288453,1.58622487336397,1.59722993075848,1.72565967291594,1.68391022235155,1.78025727272034,1.76733267903328,1.83031387627125,1.75916368216276,1.71294219344854,1.6982705950737,1.7408221155405,1.64448979496956,1.57909674458206,1.53269371166825,1.47326777502894,1.40071570649743,1.36142316162586,1.31940340213478,1.37426043301821,1.37073538322002,1.35649743489921,1.32626477465965,1.32548590674996,1.3699001044035,1.42281828373671,1.49263075590134,1.40858932435513,1.39262132942677,1.26740150600672,1.20467087030411,1.21062278747559,1.18473964333534,1.18434819616377,1.18868725225329,1.20844552069902,1.15696711670607,1.18025247603655,1.15480845049024,1.17572487965226,1.1664746388793,1.13098141755909,1.13187599442899,1.14511737599969,1.13049880908802,1.08832424413413
1.16857509166002,1.16979826912284,1.14407456442714,1.17985568791628,1.12245059907436,1.12509585469961,1.13640680760145,1.15754916593432,1.05649256855249,1.05267974808812,1.00274890437722,0.946227492089383,0.898363148421049,0.907937056571245,0.944922363013029,0.94672649204731,0.931778731942177,0.894130999594927,0.890156098268926,0.847047472489066,0.827450759336352,0.79138839840889,0.756398276239634,0.74800237454474,0.699350421130657,0.691560311242938,0.678379849903285,0.68574338350445,0.673903348948807,0.667024599201977,0.745100422529504,0.765525084733963,0.81618773220107,0.843418551236391,0.81915682926774,0.767174600064754,0.626292401039973,0.565899563394487,0.543681236635894,0.479618406901136,0.421096635051072,0.46790614474794,0.5320861088112,0.599335343018174,0.59140306012705,0.593682563118637,0.512362774088979,0.430287189688534,0.286463611293584,0.263189056422561,0.257305761985481,0.273473518528044,0.23354422301054,0.244795684888959,0.266532726562582,0.343093265290372,0.379146976396441,0.399427637830377,0.416979366540909,0.409809387475252,0.43111902102828,0.409372308664024,0.425048226234503,0.423229614133015,0.443350628018379,0.437729430198669,0.477312465757132,0.549009296298027,0.624143411964178,0.719533666223288,0.750803766399622,0.754962725937366,0.741818153858185,0.692848710715771,0.696202303096652,0.722714008949697,0.792468722909689,0.797865080507472,0.987782327271998,0.967396192252636,1.04929340183735,1.0618244305253,1.11858254522085,1.11302707642317,1.14452185574919,1.19735284745693,1.15682573392987,1.17226007692516,1.26527697485872,1.26361006759107,1.14764343947172,1.04701055705082,1.07018439248204,1.00725037325174,1.06578693408519,1.0132332473062,1.28758683688939,1.41669148355722,1.49832845069468,1.54645551145077,1.60111142601818,1.61533152908087,1.68716599792242,1.68324299454689,1.76617406606674,1.83283757567406,1.81371711939573,1.79974103868008,1.76396410167217,1.87115270197392,1.81005897223949,1.79458428621292,1.82336687147617,1.90439653098583,1.87774841487408,1.84694281369448,1.72820032685995,1.68990827947855,1.71331402473152,1.71582059580833,1.78776290342212,1.74288217425346,1.71999201476574,1.65224839746952,1.64212244451046,1.57072298377752,1.5717338193208,1.5045301258564,1.64966234862804,1.72736409157515,1.84498956799507,1.89904188662767,1.97240685224533,2.10643418729305,2.09291101098061,2.05165412425995,2.09431039690971,2.04818860292435,2.04498445391655,1.96867249310017,2.08581192791462,1.99815161824226,1.98207641541958,1.91970176696777,1.93044532164931,1.85026494832127,1.78966512009501,1.65078996270895,1.67912804856896,1.64042812027037,1.61231999285519,1.5180315580219,1.52921551689506,1.56270201951265,1.51811207327992,1.45236271377653,1.44490416282788,1.51877241004258,1.49380974546075,1.46264879778028,1.41072204709053,1.47928698807955,1.50067282244563,1.51520644314587,1.51026413924992,1.55590826198459,1.62357568442821,1.58260923996568,1.47461120411754,1.38320985585451,1.32344539109617,1.247034353856,1.23474502796307,1.19243091419339,1.14006966799498,1.1367340028286,1.13101309686899,1.18105590194464,1.22727473825216,1.29333300888538,1.35704791247845,1.38381781876087,1.40775468945503,1.3530511200428,1.3072536945343,1.27254520207644,1.21294662058353,1.13995200917125,1.07443075627089,1.07548694591969,1.08794674896635,1.09058150276542,1.15199141893536,1.15815391838551,1.17624198514968,1.18747659381479,1.2097886018455,1.21122376099229,1.19217265993357,1.15606381557882,1.09201655667275
1.19587298035622,1.18685553967953,1.15336009562016,1.14132393449545,1.10831811875105,1.13247576653957,1.13155323565006,1.20203205049038,1.07389642894268,1.05841576457024,0.987887691706419,0.934968450479209,0.83232247941196,0.767313538771123,0.785339943319559,0.817226909846067,0.850700593180954,0.863670969405211,0.830101776123047,0.862684723734856,0.834007948637009,0.818057481199503,0.755604805424809,0.759795644879341,0.802134570619091,0.816970797535032,0.779818638414145,0.797816909011453,0.725180653575808,0.689738839305937,0.73413473200053,0.748221136070788,0.77777692975942,0.799312853813171,0.826187009934802,0.810668161138892,0.712641508504748,0.659538319334388,0.56497393688187,0.477992771752179,0.414517063647509,0.409879145398736,0.452929666265845,0.491458823159337,0.511626507155597,0.562070756405592,0.431886528432369,0.379897673428059,0.294545757770538,0.277089369297028,0.241664236783981,0.291609722003341,0.350892635062337,0.352928198967129,0.4177599575778,0.447981128562242,0.46587183251977,0.511074291437399,0.492734089493752,0.509724242100492,0.552474803198129,0.589326900988817,0.572040005214512,0.537456649541855,0.523883898183703,0.538379479618743,0.520231684693135,0.553150331228972,0.548378546535969,0.575012189894915,0.674863183870912,0.725650428794324,0.690336806699634,0.640646255109459,0.658854341227561,0.72391509115696,0.795649248734117,0.922763561271131,0.958159355074167,0.961731408163905,0.978978225588799,1.03508620746434,1.03872535228729,1.06447338014841,1.07319745197892,1.16778841912746,1.16765201371163,1.1974670290947,1.22464396189898,1.14631824269891,1.02303582653403,0.916025289148092,0.918031975068152,0.9286013584584,0.933289334084839,1.00864552296698,1.12919693647418,1.25997033063322,1.312354375422,1.42996186502278,1.46346654891968,1.53977854810655,1.58899303153157,1.62090823352337,1.68038060069084,1.74712827503681,1.81083469092846,1.7164808884263,1.69958045184612,1.80214529335499,1.79673018753529,1.8433342397213,1.9392612606287,1.97924105525017,2.00466269850731,1.99026404321194,1.88162252306938,1.81553441733122,1.81739574074745,1.82835015803576,1.9413342833519,1.88764627873898,1.83919834494591,1.80885511040688,1.74356669485569,1.71708648204803,1.67218669056892,1.67743001580238,1.73587890267372,1.81322804987431,1.89703703522682,1.93555207252502,2.02600562870502,2.10509915649891,2.01025096476078,1.95437095761299,1.9858195245266,2.04269401431084,2.00476924777031,1.9796030908823,1.98771503567696,1.91470140814781,1.93792901039124,1.88641254603863,1.82374285310507,1.7471760224551,1.64808013513684,1.56763847917318,1.52283740707207,1.52383917048574,1.48457074016333,1.41049072276801,1.4102064114064,1.35224622982496,1.35796926598996,1.357180198282,1.40658674361184,1.44694708194584,1.31978632509708,1.32755681276321,1.20524135455489,1.29678189754486,1.27104872539639,1.30900220684707,1.32874376485124,1.37994051408023,1.40206375509151,1.41194996312261,1.33941838294268,1.20056116823107,1.15564477632288,1.13648968786001,1.18351624161005,1.21498800180852,1.12061030864716,1.10985917150974,1.09292061030865,1.13441343009472,1.18648373261094,1.19238205701113,1.23105347007513,1.24277418255806,1.21730549782515,1.19109582528472,1.18383072093129,1.16686746440828,1.10657754074782,1.09486130159348,1.03348919153213,0.994327142834663,0.959767742268741,1.03793677836657,1.12578954417258,1.14831310231239,1.15925277248025,1.18721491657197,1.2224862514995,1.23520912174135,1.18195152813569,1.13495080880821,1.10269337985665
