-0.0884441116824746,-0.145481735654175,-0.147265440225601,-0.150279547274113,-0.0487155996263027,0.0126693580299616,0.0620520040392876,0.188211127091199,0.167143313121051,0.310031880810857,0.254834783263505,0.382853779569268,0.275603112367389,0.280673297937028,0.30932656545192,0.416280365549028,0.493311822367832,0.719623429328203,0.818140515952837,0.886547110229731,0.997221960872412,0.836232528090477,0.64118978753686,0.424578074784949,0.236359978583641,0.302038865722716,0.414904782548547,0.535191133245826,0.517545331455767,0.488969063572586,0.440494020283222,0.345827907323837,0.34711470559705,0.300712004982051,0.244359227176756,0.316642893804237,0.425406084768474,0.530939336307347,0.532257097959518,0.61282803658396,0.540801000222564,0.589765334222466,0.555527130467817,0.653095090389252,0.770720797590911,0.674857448041439,0.581317939562723,0.424124791752547,0.340624876134098,0.316126068355516,0.341395168704912,0.362441086582839,0.27245697742328,0.436456788053329,0.26036757864058,0.242397825233638,0.214487766107777,0.272188318148255,0.149421584606171,0.147987514175475,0.0107382331974804,-0.0187829182483256,-0.0136997909285128,-0.0214597433805466,-0.0158018857822754,-0.13418719304027,-0.045098402351141,-0.052981286123395,0.0844278464093804,0.0520409950055182,0.0399186607450247,-0.0672243335284293,-0.134015049040318,-0.118800377100706,-0.152787252515554,-0.0786648424342275,-0.0922462843358517,-0.0183623123914003,-0.00601058788597584,0.0357746362686157,-0.0107059936970472,0.00159458816051483,-0.00710953734815121,0.0170791257172823,-0.0602380545809865,-0.155330428481102,-0.190102319046855,-0.16529354378581,-0.128075454384089,-0.0665891657583415,-0.0499923821538687,0.0308271769434214,-0.0252944957464933,0.045064789056778,0.0423827465623617,0.0332658837083727,-0.0100247699767351,0.0996852821292123,0.0606826558709145,0.0721074026077986,0.209170384949539,0.270025989413261,0.368460692465305,0.478287713043392,0.424081085203215,0.367173615121283,0.278957881778479,0.20548749351874,0.256745019834489,0.242102025076747,0.279876489192247,0.345545921614394,0.428483695071191,0.30507450029254,0.269206836662488,0.205116232670844,0.302038783207536,0.351558044552803,0.378467430919409,0.404526255166274,0.327394146844745,0.393294101953506,0.302752590551972,0.342155051697046,0.295542903523892,0.311207499122247,0.307080672658049,0.270294892787933,0.357785166986287,0.253965654911008,0.165847248211503,0.0728201919235289,0.205876320786774,0.214775053970516,0.143463446758687,0.25210161395371,0.283425811585039,0.225450453639496,0.347150451224297,0.314465814922005,0.323292362410575,0.19527348424308,0.0653235774909263,0.0596563210245222,0.0243076923303306,0.0647947133518755,0.119079709798098,0.103038481622934,0.149597846390679,0.169558980874717,0.204232416953892,0.249436705093831,0.174473739485256,0.115975910471752,0.17127940626815,0.237450296245515,0.182791205169633,0.192402700614184,0.196351197347394,0.197737090662122,0.209685485437512,0.26877592401579,0.272941613942385,0.226515695499256,0.274889521673322,0.178674848377705,0.194599000364542,0.240269286930561,0.348271198093425,0.360398879495915,0.376290655322373,0.452164703048766,0.377007940411568,0.389598732814193,0.61387130394578,1.03405260741711,1.09843342714012,0.944694891571999,0.609595020115375,0.577773226238787,0.466843500590767,0.531631984934211,0.567065943777561,0.681069649755955,0.665198577940464,0.921605084836483,0.841171020269394,0.884077220410109,0.939436618983746,1.02843822240829,1.05662438347936,1.10096707120538,1.04577362127602,1.02580229602754,1.09067289605737,1.19830455929041,1.08520099595189,1.0104881323874,0.97676418274641,0.932718415092677,0.930693404562771
-0.119451172277331,-0.139172080159187,-0.14486687630415,-0.0939746462041512,-0.0140471991151571,0.100394132547081,-0.00691463276743889,-0.0512407099828124,0.205126139754429,0.233198722824454,0.404770972207189,0.347674122313038,0.277032146137208,0.277012012619525,0.314314499730244,0.365943934768438,0.428577469591983,0.571749290823936,0.6497966716066,0.743131027184427,0.865455338731408,0.952706100791693,0.737836206052452,0.565109998174012,0.412349040107802,0.373012261558324,0.380194037035108,0.352676015440375,0.343471251172014,0.284994586464018,0.19893413670361,0.179389719292521,0.271015889011323,0.19089651980903,0.193575653526932,0.212310678232461,0.250169231276959,0.326125488057733,0.361637076281477,0.458458121679723,0.41858789245598,0.32808986279997,0.319254175317474,0.323537197482074,0.433873606019188,0.413285904051736,0.341905175894499,0.232850863412023,0.185538090288173,0.178051726147532,0.247920835297555,0.140631680935621,0.255652955314145,0.244626211747527,0.291141009889543,0.311998091824353,0.309559845086187,0.271095273465471,0.189592694514431,0.0746546966955066,0.0755883073434234,0.124715695157647,0.0118951482698321,-0.00464135182046448,-0.0706689663697034,-0.135238115862012,-0.17406933340244,-0.099644323810935,-0.0616936344653368,0.021084180707112,-0.0108061946928501,0.0778568360954523,0.0482242282480001,-0.0846584944054484,-0.132242313120514,-0.210466775670648,-0.126164782978594,-0.133799675107002,-0.0758236974477768,-0.0479736637324095,-0.0249554686248302,0.0647844132850878,-0.0115475878119469,-0.0151314893737435,-0.0365938468254171,-0.0783450152724981,-0.115156422741711,-0.0933847291395068,-0.0946755774319172,-0.160902681387961,-0.0762341534718871,-0.135137765482068,-0.0816531997174025,0.0221486933529377,0.00353232994675636,-0.0413626931607723,0.0404755041003227,0.0701369762420654,0.0313983999192715,0.0289573900401592,0.180876832874492,0.210604763031006,0.293687414377928,0.264938529022038,0.329839468374848,0.312983313947916,0.217595610767603,0.215106733888388,0.221310559101403,0.233781811594963,0.263101271167398,0.347057174518704,0.338369333790615,0.320524611882865,0.273400953353848,0.30552426353097,0.288918497227132,0.281432154029608,0.373847636207938,0.365788832399994,0.386772254109383,0.349012609198689,0.38697117138654,0.369857044797391,0.35927862804383,0.381109069252852,0.289916323125362,0.356957927905023,0.159119086868304,0.194472965598106,0.149962181923911,0.151749880425632,0.241903281770647,0.204939440777525,0.273416383098811,0.290831344947219,0.256665413919836,0.316050767200068,0.210655784793198,0.185133535042405,0.139767477707937,0.103612876217812,0.116986839543097,0.0843974232207984,0.0448186442255974,0.0586213088594377,0.101514594908804,0.136714095529169,0.195002667605877,0.139148305961862,0.153543453477323,0.0755550442263484,0.129694054089487,0.213199117151089,0.183917460474186,0.196109347045422,0.229432998038828,0.247696282155812,0.24582848676946,0.289721583621576,0.207709992723539,0.215824141912162,0.268781442567706,0.297049632109702,0.197508450597525,0.177917268546298,0.14651385564357,0.309587230533361,0.226888676732779,0.191817831201479,0.301523832743987,0.465042256098241,0.400349997729063,0.55582889188081,1.1131646156311,1.25268668532372,0.646168174594641,0.451505741197616,0.338565067248419,0.309926681345678,0.516939711384475,0.634533260762691,0.796738651394844,0.832080048322678,1.03573894500732,1.16578778922558,0.995459227263927,1.2046619951725,1.0880844309926,1.23499572575092,0.996832949668169,0.928131468594074,1.06397201642394,1.14091300591826,1.05651865713298,0.971559481415898,1.08165608420968,1.07855694591999,1.06220086067915,0.993015003191977,0.965101091843098
-0.228521308116615,-0.28074191622436,-0.228086153417826,-0.253437078261049,-0.111055059917271,-0.049805751349777,-0.0394734356552362,0.0639677476137877,0.113680693879724,0.141891287616454,0.221307560475543,0.199257736559957,0.281849916279316,0.295419157110155,0.316975977038965,0.400824005715549,0.440241834148765,0.530656202114187,0.548930520564318,0.580668507888913,0.597475965507329,0.568010861985385,0.557535927370191,0.513819016888738,0.43550733961165,0.424717685952783,0.335527681838721,0.229497619683389,0.184737860038877,0.126395624363795,0.0399813493713737,0.141883040033281,0.1764283149736,0.151811324316077,0.153075604583137,0.139900139626116,0.108220680430531,0.156395145971328,0.219148202426732,0.232450568070635,0.280909124016762,0.184792326390743,0.227580010890961,0.170363079383969,0.263315218314528,0.309155588364229,0.355583154968917,0.236581889819354,0.214994658529758,0.133661559037864,0.142824423883576,0.0466514200437814,0.153855373337865,0.162816306960303,0.185070519382134,0.166840664495248,0.137680334039032,0.134143355116248,0.0556347380857915,0.0255273744463921,0.0382890612818301,-0.0188295941799879,-0.0183249562978745,-0.11193882022053,-0.13171202391386,-0.258527067676187,-0.316594482958317,-0.227810168452561,-0.186607266252395,-0.154166624322534,-0.0535455010831356,0.0489266820251942,0.102099877246656,-0.00959132015705109,0.011202722415328,-0.0972344923764467,-0.119449642300606,-0.217155574634671,-0.245716678351164,-0.1867108438164,-0.0593927137553692,0.051555319968611,-0.0207677312195301,-0.0211912337690592,-0.0559075649827719,-0.0348745495080948,-0.0929406872019172,-0.0986962266266346,-0.110864467424108,-0.106514233723283,-0.0961255205795169,-0.115766627341509,-0.0669912949204445,-0.0966247085481882,0.0188563017174602,0.0330618818290532,-0.0299938695505261,-0.15371203571558,-0.125106737948954,-0.141619408503175,0.0199107402935624,0.0200072368606925,0.0470689401961863,-0.0105424888432026,0.103161344304681,0.0618224706500769,0.0422997472807765,0.0947015750221908,0.114801069814712,0.157291503250599,0.169473529513925,0.318994395434856,0.266713991668075,0.284562015533447,0.364636322669685,0.414368403609842,0.370933467708528,0.341038814384956,0.402174984104931,0.390722121670842,0.441235807398334,0.352598094940186,0.411245070677251,0.361647768877447,0.372116347588599,0.324521037982777,0.331211973447353,0.307705931179225,0.161833949619904,0.172775965183973,0.22021889090538,0.281690595671535,0.262889417563565,0.301368713006377,0.315528479218483,0.249314849241637,0.277257378585637,0.265329734736588,0.171714488603175,0.057121689338237,0.067859139945358,0.0970065839355811,0.121976936981082,0.0987323939683847,0.0846924809418852,0.0399351169122383,0.0921011617640033,0.105241197906435,0.114007721398957,0.0922565685585141,0.10051436756039,0.0827888428699225,0.133960726018995,0.230055967712542,0.230557481572032,0.220166878588498,0.263458900898695,0.257031404599547,0.282690139301121,0.22353910561651,0.246081563830376,0.209738231357187,0.322998119541444,0.271242991625331,0.221570608858019,0.181187594681978,0.233173643238842,0.239153221598826,0.235203714063391,0.26646033320576,0.388803173380438,0.457108762627468,0.604656848311424,0.908998299390078,1.15749234706163,0.667089104838669,0.361773829441518,0.313910326501355,0.317330069630407,0.50579775813967,0.525638963095844,0.776421259343624,0.800416621565819,0.922902879118919,1.17365179359913,1.00303656309843,1.11236889660358,1.20839964598417,1.0975802578032,1.18896222710609,0.925230723619461,0.793898754566908,0.713143923133612,0.663472492061555,0.521355976816267,0.501994928903878,0.561233854293823,0.619412404298782,0.666170774254715,0.698913060128689,0.73722247807309
-0.196365082450211,-0.18659723168239,-0.212009338615462,-0.185552836023271,-0.192114725522697,-0.269442323618568,0.0489301485940814,0.105281939066481,0.0334814965724945,0.0590003469958901,-0.0361344422213733,0.0324027593713254,0.207091572508216,0.197452466934919,0.33393841907382,0.294837099686265,0.396028657257557,0.36382918227464,0.406115636508912,0.35074643464759,0.270056456886232,0.233003862574697,0.187798409536481,0.335028949938715,0.267765023745596,0.278864653850906,0.237029053270817,0.247183509916067,0.127874250803143,0.0496256639249623,0.0932183716096915,0.0418718338012695,0.135556568903849,0.13049832591787,0.14194834693335,0.0709794621914625,0.0758854223997332,0.0336947907603417,0.0758839648216963,0.0526172877056524,0.0228547174483538,0.104360273480415,0.14091971591115,0.205569890886545,0.267637795209885,0.22732513283845,0.291960248723626,0.272539205849171,0.280008308717515,0.170177169889212,0.192504103668034,0.166585408244282,0.0990481972694397,0.118370779789984,0.126875732000917,0.10089492611587,0.0815160049591213,0.0576212555170059,0.0416237883502617,-0.0137553066015244,-0.00664787795394659,-0.00406304601347074,-0.032066573575139,-0.0883533818181604,-0.0965382556430995,-0.242806839942932,-0.204498842731118,-0.229188539856113,-0.144831265695393,-0.113206129614264,-0.0869366608560085,-0.136846172437072,-0.0800702635198832,0.0983873235993087,0.0351440757513046,0.0628778953105211,-0.0255823653191328,-0.0777230337262154,-0.218726227618754,-0.151912947488017,-0.0639012885279953,-0.0311021361500025,-0.00219478830695152,-0.0155184745788574,-0.0809849893674254,-0.146771434880793,-0.050607942789793,-0.0429469548165798,-0.0472267799079418,-0.00127547197043896,-0.059836296364665,-0.0984183931723237,-0.0524830086622387,-0.0766366243362427,0.081678868830204,0.116134936612798,-0.0150945357978344,-0.127849939372391,-0.171603628993034,-0.0570602370426059,-0.0490326434373856,-0.069723648019135,-0.0989231461659074,-0.114293591491878,-0.0757231663214043,-0.133783354982734,-0.0405789942014962,-0.0484206050634384,-0.0157364063896239,0.0655475659295917,0.166074516251683,0.19963655108586,0.277039032056928,0.319026794284582,0.388865882530808,0.4035619629547,0.433586579933763,0.477050398662686,0.433784208074212,0.461720724776387,0.438410452380776,0.428306030156091,0.37113929875195,0.31535705793649,0.318890748359263,0.286386639997363,0.284874757379293,0.217704859282821,0.320523425156716,0.362510588858277,0.313761343376245,0.327996528428048,0.275346054136753,0.315219821222126,0.328022933378816,0.335445504682139,0.345658266125247,0.270356360450387,0.199081066949293,0.144405732490122,0.0771205687895417,0.16471975883469,0.0653055831324309,0.0945352624170482,0.122595298639499,0.112227759417146,0.0981271732714959,0.103272540098988,0.0730366282165051,0.0886014549992979,0.07995501072146,0.169904239615425,0.15819592741318,0.187196115590632,0.242260154127143,0.231746925599873,0.220063118822873,0.180809182859957,0.233441541343927,0.247503909096122,0.211833050847054,0.275816533342004,0.204166339430958,0.217002791538835,0.222955690743402,0.299762154370546,0.24934477605857,0.253605254366994,0.299026320397388,0.35437395144254,0.476439307088731,0.455354282842018,0.666957439109683,0.848952232534066,0.74155894909054,0.383935484499671,0.585621801385423,0.423597668670118,0.526465244591236,0.610483176261187,0.704379156976938,0.95753852725029,0.840807651728392,1.23760386705399,0.915867695212364,1.02069122046232,1.10730907171965,1.03036472648382,1.08909638524055,0.886674064490944,0.928202147781849,0.69212955981493,0.573690324276686,0.283976239385083,0.376458886405453,0.297187545895576,0.264741363882786,0.330972214695066,0.394527912605554,0.464344076113775,0.517518236115575
-0.116366852074862,-0.101262685656548,-0.0586193945258856,-0.120540208788589,-0.0113078593276441,-0.0602968122810125,-0.0225668247789145,-0.0999053660780191,-0.0796065015718341,-0.069567858055234,-0.0600123524665832,-0.0701207937672734,0.105740426853299,0.0637550558894873,0.223690271563828,0.131574884429574,0.0596431590267457,0.00980947017669678,0.00882490947842598,0.070262124016881,0.102299784496427,0.0552565092220902,0.0539248418062925,0.1120640181005,0.135853844881058,0.101559013128281,0.144102676212788,0.0488996019586921,0.0731190998107195,0.0724611126119271,0.126266713091172,0.0269318528473377,0.0469780351035297,0.0323874041670933,0.0311785527504981,0.0164000337012112,-0.00037450585514307,0.00793148335069418,-0.00607440620660782,-0.0548629976809025,-0.0392918448895216,0.0193433824926615,0.00656690816394985,0.0864197459071875,0.0672770123928785,0.0830105729401112,0.0618452087044716,0.0967499634250999,0.117895491048694,0.146339765563607,0.137704839243088,0.0701178129762411,0.0547317206219304,0.0613331130705774,0.0756244708318263,0.0599941337481141,0.0764358641579747,0.0782529364340007,0.0617289206478745,0.0298366306349635,0.000235138833522797,0.000468854932114482,-0.013316907081753,0.0186575428117067,-0.0468266598880291,-0.0322766622528434,-0.12272413764149,-0.0415021972730756,-0.0404953308403492,-0.0398336367914453,-0.0635254217195325,-0.121110924723325,-0.18931751139462,-0.110328919626772,-0.019470967259258,-0.0583782220026478,-0.0353214373113587,-0.0213693489320576,-0.107332028076053,-0.050527342967689,-0.0498218979453668,-0.0454409271478653,-0.055609530583024,-0.0753336012363434,-0.126203654333949,-0.0637041719630361,-0.0712353009730577,-0.0258840646594763,0.00393822938203812,0.0145745486021042,0.00502524981275201,0.0208895839750767,0.0173674885183573,0.0584052352234721,0.0755119716748595,0.129445394314826,0.090536040905863,0.0627123241312802,0.0903901664540172,0.0873929021880031,0.0892804387956858,0.0255897869821638,-0.0122754248324782,-0.0849343786016107,-0.117109208926558,-0.170247320830822,-0.0855765519663692,-0.167476405610796,-0.0614329945296049,-0.00578542836010456,0.0877073042094707,0.127764331526123,0.223251352645457,0.321400477737188,0.346430332399905,0.388935027364641,0.429146975651383,0.446934991516173,0.451829844154418,0.465677218372002,0.447927396185696,0.488520665944088,0.410508769750595,0.369298843480647,0.383822272717953,0.360045165830525,0.347863922454417,0.322346103098243,0.431433831527829,0.426913879625499,0.429596376419067,0.349947443976998,0.277867509052157,0.283185420185328,0.385728800110519,0.407325359806418,0.373461607098579,0.290933638438582,0.179341008153278,0.115554546937346,0.122610328625888,0.148319577208167,0.132056232914329,0.129981488268822,0.126033572666347,0.123959496011958,0.127934790123254,0.111782346991822,0.155813067220151,0.131910883518867,0.158825381449424,0.213250271324068,0.275902136042714,0.240426196530461,0.19432228137739,0.150992931053042,0.178198025934398,0.156531099649146,0.199368096294347,0.253852932481095,0.213103891350329,0.259264661185443,0.15852106239181,0.182867823168635,0.24089126419276,0.325451313145459,0.318605050258338,0.332643862161785,0.363302154093981,0.427836287859827,0.474154954962432,0.568834188766777,0.643700194638222,0.736867643333971,0.546914909593761,0.658630507905036,0.595053144893609,0.430315104033798,0.731740693747997,0.650050862878561,1.06200825572014,0.980889242887497,1.16951729655266,1.2736061424017,0.97142875790596,1.35322417914867,1.0535487934947,1.03781417906284,0.950557336211205,0.869952781870961,0.739105177181773,0.588994588516653,0.433656816324219,0.300212612561882,0.293703295150772,0.221601624786854,0.160889297351241,0.174243947397918,0.228406647592783,0.328204723075032,0.344061492942274
-0.144498327281326,-0.151967741549015,-0.0475160756148398,-0.0663482498377562,0.0454338802024722,0.0780004326254129,-0.0530156224966049,-0.0833182313479483,-0.118708616122603,0.0252052471973002,-0.0469164848327637,0.108941994607449,0.0632853865623474,0.22215796969831,0.124921088293195,0.124417372979224,0.00304184295237064,-0.0227319300174713,-0.11641847640276,0.000459720566868782,0.0445833188481629,0.0430701099336147,0.0641502991318703,0.0950910784304142,0.0502318993210793,0.0212807703763247,-0.00854985662153922,0.0152534814551473,0.0572110449138563,-0.0301773491315544,0.0236834459006786,0.0955647394061089,-0.0125472150743008,0.0103033286752179,-0.0579134779050946,-0.0358014626428485,-0.0484926166012883,0.0127736825495958,-0.0191701490432024,-0.0590867538005114,0.0831954051041976,0.00903805047273636,-0.0260586947202682,-0.135358458198607,-0.17030946877203,-0.0852384570986033,-0.108325180504471,-0.153492889925838,-0.0526880118995905,-0.00491185449063778,0.0205767013132572,0.0354759825277142,0.0517282582819462,0.0428719947114587,0.0887406416237354,0.0775931321084499,0.0501156505197287,0.00533454110845923,-0.0242076537804678,0.0134196636267006,-0.00257791019976139,0.0211813384667039,0.0540857145562768,0.0963849313557148,0.020805499330163,-0.0340067777782679,-0.0257158253341913,-0.0210099906718824,0.0145451303571463,-0.0779968569520861,-0.057138196984306,-0.107624296564609,-0.147533773630857,-0.298346756969113,-0.133451803773642,-0.15032117292285,-0.114208086207509,-0.042003059014678,-0.00716458782553673,0.0268419954925776,-0.0717360896989703,-0.0813336943043396,-0.0959883873350918,-0.0703122543171048,-0.0582433007657528,-0.0391713630408049,-0.0393693678081036,0.0247136369347572,0.0237564129754901,-0.0480721198022366,0.00684832483530045,0.0382799211889505,0.0133142378181219,0.0522909764200449,0.0388553913682699,0.113046344183385,0.1507428355515,0.206729844771326,0.222949085943401,0.26676830239594,0.112932922970504,0.119052971899509,0.0608744699973613,0.0190645477268845,-0.0240886749699712,-0.0728437649086118,-0.138501494377851,-0.134095633402467,0.0277858686633408,-0.0477094698697329,-0.00620788112282753,0.152631195914,0.192940352635924,0.25740257576108,0.312118584290147,0.352692741155624,0.404750540480018,0.412011482939124,0.470654423348606,0.44766800571233,0.508008285239339,0.440127077046782,0.492057289928198,0.459545770194381,0.491149786859751,0.463401840627193,0.485758233070374,0.474301868677139,0.479823935031891,0.445807383581996,0.41308412514627,0.352462051296607,0.275868018716574,0.295041353348643,0.319678881950676,0.289647249504924,0.227676780615002,0.271057051047683,0.208643081784248,0.241444032115396,0.130975056160241,0.11509981029667,0.150212693493813,0.168217253126204,0.167179803550243,0.239605379104614,0.204006655141711,0.271075173676945,0.187454740330577,0.162825660244562,0.251151332724839,0.255989919230342,0.277311651688069,0.184080624766648,0.18225395353511,0.10982111543417,0.163239907112438,0.223039655201137,0.17773617412895,0.145219737105072,0.22876935955137,0.196640447573736,0.220778214931488,0.159167992975563,0.248613136261702,0.285640565678477,0.349757354706526,0.359749777743127,0.444630205002613,0.449998139217496,0.504799903649837,0.498624397767708,0.691595860943198,0.648477039532736,0.565878501022235,0.612432137317956,0.591214092634618,0.740775717049837,0.856251808255911,0.967671251296997,1.25660263299942,1.06049320101738,1.48193050473928,1.04255201816559,1.49608911126852,1.15464128926396,0.946151348948479,0.642217468237504,0.568114916980267,0.526405938155949,0.621108884736896,0.521771268546581,0.492568353377283,0.41449264511466,0.331556355208159,0.250489028915763,0.192885501682758,0.248548144754022,0.252972784172744,0.308108700439334,0.294151663407683
-0.151286427304149,-0.0639292500913143,-0.117247738689184,0.0318479932844639,-0.0508555660489947,0.0505438325926661,-0.00565845482051372,-0.0115944249555469,-0.0344577758107334,0.0640350996516645,-0.0373920507729053,0.113316483609378,0.0914366814307868,0.156487230956554,0.0904313273727894,0.084058744693175,0.100376151502132,0.0551816099323332,0.0136031087487936,-0.00346031310036778,-0.0111171167343855,-0.00694504342973232,0.0259919328615069,0.0433783590327948,0.00662184245884419,-0.0765290796756744,-0.0484615879133344,-0.0611548351123929,0.0571465231478214,0.00556102510308847,-0.0475402890282567,0.0128480514627881,0.00757432403042912,-0.0102164596319199,-0.0288056248798966,-0.0448265563638415,0.00674875071272254,-0.0243806770071387,-1.34779140353203e-05,0.0300253588473424,0.0240412146784365,0.00625793903600425,-0.0378495025914162,-0.115284980461001,-0.230302703753114,-0.192531067505479,-0.302573577873409,-0.270501298177987,-0.250241620559245,-0.12626657821238,-0.151508266478777,-0.0346210029907525,-0.0526648540049791,-0.0732519965618849,0.00189770739525557,0.0167324766516685,-0.0194715132936835,-0.134959916770458,-0.0790132846683264,-0.108483989164233,-0.041207265201956,0.0170933349989355,0.0619395565241575,0.0565583944320679,0.0681930917082354,0.0188895141705871,0.0939380822703242,0.0492599252611399,0.047615385428071,-0.041729055903852,-0.050008455949137,-0.0692744712345302,-0.136317101866007,-0.299724695086479,-0.268648676946759,-0.245202470524237,-0.205935385590419,-0.093649286031723,-0.0279319658875465,0.0112096636556089,-0.0444087876006961,-0.101847828959581,-0.0505487663191161,-0.0623477628454566,0.133487815386616,0.018184152620961,0.180688358191401,0.176793973892927,0.114921675994992,0.0254105545580387,0.0427918940782547,0.0349004089832306,0.0169594066217542,0.0395728226751089,0.0586654137820005,0.111761421337724,0.226191937737167,0.270048349164426,0.305509555153549,0.281397808436304,0.211542199924588,0.176330196112394,0.117733820915237,0.0430845707654953,-0.0291222766623832,-0.0467928178637521,-0.115463833045214,-0.0576437745243311,0.0611752442084253,0.0089790684171021,0.0947715288028121,0.152905907481909,0.229868094716221,0.253838086687028,0.297496100142598,0.337934988923371,0.361277277814224,0.410303584486246,0.418076929450035,0.428091269545257,0.486000516591594,0.477583700593095,0.512206652387977,0.509052811935544,0.537235999386758,0.516829683072865,0.527797982096672,0.493410432338715,0.489181875437498,0.417430920153856,0.400936697050929,0.33658858537674,0.417512933723629,0.307395251560956,0.160836367681623,0.0394494811072946,-0.0280372234527022,0.105613004253246,0.144758907146752,0.257924036681652,0.177239808626473,0.16507662255317,0.181458966620266,0.179335458390415,0.233174993284047,0.271316630020738,0.285737536475062,0.322486844286323,0.240382692962885,0.270946403965354,0.315871445462108,0.304693189170212,0.233399381907657,0.221516136335595,0.150303678342607,0.170670047961175,0.105426491983235,0.0850354207679629,0.11189673030749,0.0932523550000042,0.164162767864764,0.202593593299389,0.203046333929524,0.226558020152152,0.281112978979945,0.369125895714387,0.325881210714579,0.417592442780733,0.381569935381412,0.399099306110293,0.392440037988126,0.493137893080711,0.625618213787675,0.488805839885026,0.389795345440507,0.401548338425346,0.537570481344665,0.809420562535524,0.923880288004875,1.25081485807896,1.1503939345479,1.37112397551537,1.27382804602385,1.30649987906218,1.37884027659893,1.14119604900479,0.885595005936921,0.71853188178502,0.552146150264889,0.614856355264783,0.607945460267365,0.725736385211349,0.686962732672691,0.78646189711726,0.612708711717278,0.595762263704091,0.421119758486748,0.565426662797108,0.477872630022466,0.426120635680854,0.404936552979052
-0.172418463602662,-0.145790649950504,-0.107604060694575,-0.0411960624158382,-0.0291312657296658,0.0431085211224854,0.0324004272581078,0.110711617954075,0.0365316577255726,0.00244102142751217,0.044797372026369,0.13126668818295,0.104207995068282,0.0847331322729588,0.118216961435974,0.101184854656458,0.0861818269826472,0.162200386449695,0.0693164667114615,0.0512943094596267,-0.00882743932306767,-0.00970307420939207,0.00547312013804913,-0.127176652476192,-0.126118833199143,-0.0527061672881246,-0.0271614005789161,0.0167327513918281,0.0035473721800372,0.0629361417144537,0.0031488673761487,-0.0207863253075629,-0.0278815608471632,-0.0563665254041553,-0.0404444079846144,0.00549829727970064,-0.0247665800154209,-0.0197914266958833,-0.0186921782791615,0.0507651777472347,-0.0434639271348715,0.032953925197944,-0.0311846869066358,-0.118841752968729,-0.131191880395636,-0.202836341410875,-0.295508445613086,-0.187462638877332,-0.282421350851655,-0.275023750960827,-0.245305751636624,-0.198308421298862,-0.171643408201635,-0.150233035907149,-0.198837973922491,-0.162116128951311,-0.195872027426958,-0.164811779558659,-0.162734294030815,-0.196960388123989,-0.130795910209417,-0.0975861741695553,-0.0581572394818068,-0.0895987190306187,0.0100551477633417,-0.0117492684163153,0.0612383030354977,0.128913968987763,0.0877051208168268,0.0557978618890047,0.0145692919148132,-0.0338142923923442,-0.0953437734395266,-0.188421844132245,-0.266406804949293,-0.137759216409177,-0.252424184978008,-0.210800524055958,-0.221756780892611,-0.186471024155617,-0.0692554511129856,-0.0351371601223946,-0.0296339333057404,0.0581645322963595,0.142003758251667,0.201094030216336,0.282415292039514,0.124468168243766,0.144483169168234,0.119976933673024,0.0391414698213339,0.108147913962603,0.0206212358549237,0.117656143754721,0.065064636990428,0.196343848109245,0.207998631522059,0.287580082984641,0.330746745830402,0.358871733024716,0.312914819922298,0.251221659686416,0.155050332751125,0.0847644353285432,-0.00742878122255206,0.0282858803868294,0.0172589195892215,0.155050399899483,0.04119519200176,0.0777180436998606,0.166153452545404,0.232556844316423,0.260690656490624,0.294557237438858,0.289233366586268,0.318001144751906,0.328278614208102,0.359552813507617,0.331757173128426,0.376445453986526,0.333704753220081,0.407784885494038,0.505286473035812,0.56215202845633,0.574445028143236,0.587681797891855,0.574735732935369,0.572015784867108,0.512894959002733,0.489697780832648,0.477260158583522,0.460472844541073,0.510833678394556,0.325608764647041,0.188415178470314,0.0802540227770805,-0.0615657691228989,-0.0967132994905114,0.0171288223937154,0.0588875714689493,0.151310029253364,0.1672054938972,0.200698236562312,0.177652461826801,0.251574195269495,0.226350305229425,0.276171884685755,0.186442880704999,0.280077932402492,0.244051686208695,0.252724132873118,0.148380191583419,0.19967042170465,0.191131698619574,0.192010969715193,0.15876519610174,0.174890708271414,0.0751351171173155,0.119249348412268,0.0909975813701749,0.192490165308118,0.21744108851999,0.286846031062305,0.338416290935129,0.405526041984558,0.421439711377025,0.345792157389224,0.338755443319678,0.343271768465638,0.386633051559329,0.395388818159699,0.492158674448729,0.478968129679561,0.464690835366491,0.454981677606702,0.490238823369145,0.677311330288649,0.888459838926792,1.21596707254648,1.21225734055042,1.36551327463239,1.36183522623032,1.3237569824094,1.42515527680516,1.26904603093863,1.39383090287447,1.30511609911919,1.32029445692897,1.28421179847792,1.24429565747268,1.18400625064969,1.144916161336,1.16987845040858,1.12576934408862,1.18653135895729,1.03415450267494,1.07645663712174,0.696990919485688,0.576810985803604,0.317214225418866,0.219430578593165
-0.0870369941811077,-0.105139385676011,-0.0533989313989878,-0.0748219355940819,0.0153545804321766,-0.0491459699347615,0.083549707219936,0.115664372593164,0.0784126665443182,0.0308140275999904,0.115729515627027,0.0995157103985548,0.1137800286524,0.132976184040308,0.106130333244801,0.062734918348724,0.135796649381518,0.117971905134618,0.147511337511241,0.0454165015369654,0.0888762801885605,0.0373433623462915,0.0217539414763451,-0.13735384196043,-0.107629064982757,-0.0659910647809738,-0.00178459025919437,0.0926432237029076,0.0885161784477532,0.0588541973382235,0.0504581667482853,-0.0517628309782594,-0.0622758951038122,-0.0699306465685368,-0.0064840947277844,-0.00683900024741888,-0.0112120259553194,-0.00656866654753685,-0.0504355885088444,-0.0464225150644779,-0.0250480853021145,-0.0429507210617885,-0.0338540986180305,-0.109029478766024,-0.100306438468397,-0.168812931724824,-0.239117378741503,-0.301263512298465,-0.306705484073609,-0.371331219887361,-0.312669539498165,-0.313783826306462,-0.318628076463938,-0.324170765094459,-0.350583920627832,-0.237409216165543,-0.298541946709156,-0.147740358859301,-0.194312426447868,-0.124847791902721,-0.21095756739378,-0.290042678266764,-0.259013795666397,-0.314383239950985,-0.218998273974285,-0.196086242608726,-0.122734887944534,-0.0485115399584174,-0.0286856756545603,0.0613511972129345,-0.0377653200179338,0.0831502884626389,-0.0658451393246651,-0.116863052919507,-0.26733338162303,-0.330397378467023,-0.281634675914393,-0.376260221749544,-0.279507560282946,-0.244585072249174,-0.131254727765918,-0.0101906627416611,0.0116480734199286,0.143921702541411,0.141022868081927,0.257483569532633,0.174485610052943,0.172017756756395,0.118725166469812,0.12796526402235,0.10329024232924,0.101197288651019,0.0775280956178904,0.0960407216101885,0.103967006597668,0.123817221075296,0.206189595162868,0.336442240327597,0.370814708247781,0.450884854607284,0.3934331856668,0.451200328208506,0.404061162471771,0.368498736806214,0.307011774741113,0.30930674765259,0.302451493078843,0.366665225848556,0.145961413899204,0.280923189036548,0.275218534097075,0.234733812138438,0.284112337417901,0.304800579790026,0.332037446275353,0.34469285979867,0.330011455900967,0.29096064902842,0.315487442677841,0.324829723872244,0.325614394620061,0.396813838928938,0.524861169513315,0.567256209813058,0.621088998159394,0.585691878944635,0.627681170776486,0.629774956556503,0.561796924285591,0.530754861794412,0.561722812335938,0.541412782669067,0.516641504317522,0.31722666490823,0.271871322207153,0.150691600702703,0.0937222527340054,0.0416770146577619,0.0630388122983277,0.0586956677027047,0.0802619205787778,0.122777421120554,0.159046318009496,0.182069398462772,0.275846477970481,0.204292325023562,0.143930635042489,0.101272186823189,0.0605619389563799,0.0394535028375685,-0.010535254329443,-0.0145372403785586,-0.0257696003653109,0.0671655379701406,0.110839977581054,0.12603165647015,0.172111371345818,0.186027909442782,0.183083523949608,0.211863402137533,0.234187542833388,0.200397212570533,0.339820450358093,0.363838653638959,0.381159179494716,0.333103316091001,0.334573704376817,0.340463208034635,0.338249540701509,0.390163136646152,0.395287141576409,0.451658193022013,0.398886056710035,0.5601024184376,0.638027302455157,0.777748531103134,0.950114468485117,1.2644379362464,1.232175321877,1.28957137260586,1.33448828922119,1.15468284338713,1.22297412082553,1.00128052732907,1.14976516123861,0.963594748079777,1.30479085445404,1.22354377061129,1.44844850450754,1.30795193314552,1.48687983453274,1.27613957226276,1.51183411926031,1.33026176542044,1.55184972286224,1.35541211366653,1.48884180188179,1.14474272057414,0.774692724086344,0.448051673732698,0.29104706607759
-0.0888491318561137,-0.0945263959467411,-0.131335977837443,-0.0505880284588784,-0.0438940802589059,-0.00415948405861855,-0.00137198213487864,-0.0343569869175553,0.00272041074931622,0.0943028093315661,0.0585242941975594,0.142550583742559,0.10233623883687,0.143581605702639,0.0999158370308578,0.0977581748738885,0.0817261569201946,0.0925640628673136,0.0994262815336697,0.112596646603197,0.0974961841013283,0.0223455924540758,-0.0437274020165205,-0.0406831052852795,-0.0903883183375001,-0.053910505771637,-0.0327338632196188,0.0749144280562177,0.0906603366136551,0.0344819068908691,-0.000126127089606598,-0.0520912690088153,-0.0588478905148804,0.00787597838789225,0.000851118750870228,0.0165557583793998,0.00460453713312745,-0.00724998842924833,-0.0354794193059206,-0.0228353939950466,-0.033378142490983,-0.0924227301497012,-0.0320869311690331,-0.00588593557476997,-0.102353984862566,-0.161954936757684,-0.209370848722756,-0.298949850350618,-0.290580352582037,-0.320327467055176,-0.303618044219911,-0.391913046687841,-0.314976439159364,-0.31152415163815,-0.249213680811226,-0.297165308240801,-0.129199939221144,-0.103890786319971,0.0361014658585191,0.00141689777374268,-0.156271412596107,-0.366839188709855,-0.457337211072445,-0.392519006878138,-0.412584744673222,-0.25044817738235,-0.223720636405051,-0.0692462381441146,-0.0548213206231594,-0.0298979829996824,0.0281686685979366,-0.00976819470524788,0.0202701715752482,-0.0940163258463144,-0.122244980931282,-0.254372525040526,-0.312666426226497,-0.370213686674833,-0.222220291988924,-0.128945171739906,-0.0625757433474064,0.0125349573791027,0.072216634452343,0.147348638623953,0.150762881315313,0.261753465980291,0.0914471317082644,0.136161967739463,0.206712447851896,0.28221949338913,0.236124448478222,0.171650419384241,0.249343155324459,0.274611048400402,0.147191702574491,0.125037106126547,0.274089070409536,0.342306623607874,0.320722326263785,0.268986614234746,0.339742467552423,0.325297546759248,0.456958332285285,0.401156948506832,0.40539437495172,0.332742765522562,0.338498182594776,0.205297169834375,0.209388885647058,0.257035419344902,0.236669640243053,0.19255306692794,0.22188429273665,0.217281152121723,0.312331297621131,0.265382936410606,0.307878577732481,0.315635090693831,0.369917330518365,0.351198456156999,0.459559983573854,0.455001337081194,0.503843624889851,0.581712010200135,0.553081909194589,0.546372859552503,0.466317620594054,0.472300700470805,0.49862498305738,0.536976840347052,0.49701867159456,0.44051331281662,0.441211572452448,0.330922196246684,0.288618574477732,0.185325578786433,0.238567282445729,0.210931418463588,0.175752218253911,0.148497408954427,0.138537603616714,0.183724842220545,0.188009696500376,0.273015777952969,0.225713649950922,0.140053303632885,0.156098408065736,0.0839927431428805,0.0113447543233633,-0.0311256153509021,-0.0269972481299192,-0.0096629410982132,0.00750896986573935,0.0866960303857923,0.103451556060463,0.147184636816382,0.170030614733696,0.167546006198972,0.236313905566931,0.268112006783485,0.246631208248436,0.273144919145852,0.30048111807555,0.356210017576814,0.274195757135749,0.161666036047973,0.245356765436009,0.259606899507344,0.304852426238358,0.3823540603742,0.414067745953798,0.462569320946932,0.480622333288193,0.717599561414681,0.852386166085489,1.12192536741495,1.29731988599524,1.33563988734968,1.12861766554415,1.2461003405042,0.83749057687819,0.783012821502052,0.584848983213305,0.7196403847076,0.607592759653926,0.668999014329165,0.791538335382938,0.95374393761158,0.940945473313332,0.995203632116318,0.99936538040638,1.09643798172474,0.935200536251068,0.97572041451931,0.992001375555992,1.20895835459232,1.03571932464838,1.23391007184982,0.964712186111137,0.846255949698389,0.762720273435116
-0.112353970855474,-0.0821438969112933,-0.0901524528861046,-0.0175718035548925,-0.106722590932623,-0.0799897632561624,-0.0952685262076557,-0.106541780661792,-0.0329579254612327,0.0393699437379837,0.0763327814638615,0.122589853825048,0.114337552152574,0.0851599691435695,0.0938275289721787,0.100351700931787,0.0850706823170185,0.110613356158137,0.112468932196498,0.141467137425207,0.0692085314542055,0.0529564024880528,-0.0104908215813339,0.0527972189709544,-0.0181637518107891,0.00968180969357491,-0.0723505865782499,-0.075555446150247,-0.0794167207553983,-0.147632340807468,-0.0958830920979381,-0.0760616473853588,-0.0630812602117658,0.0251450112089515,0.00255140997469425,-0.0318910462083295,-0.00057038925588131,-0.0562509017152479,0.0189947356237099,0.0157470569014549,0.00977471508085728,-0.0634683664888143,-0.0496383015066385,0.00718135982751846,-0.0557513031177223,-0.084556677006185,-0.111216121912003,-0.117151443846524,-0.17289330214262,-0.278761988505721,-0.214653703197837,-0.326323226746172,-0.212486758083105,-0.197354375571012,-0.132750846585259,-0.198578141443431,-0.126492686383426,-0.16369290020084,-0.0650847304612398,-0.0206956379814073,-0.0636944389436394,-0.203700033202767,-0.30758763984777,-0.222907285392284,-0.288357837218791,-0.16507668569684,-0.233057581074536,-0.173169021471404,-0.0602378074079752,-0.0780545834451914,0.0104408802464604,-0.0630731128156185,-0.00689607504755259,0.0551131017506123,-0.0818044577725232,-0.0557790271937847,-0.188894606567919,-0.18308185772039,-0.0634394204244018,-0.00737677961587906,0.0575982466340065,0.115050130337477,0.14410488307476,0.181121315807104,0.0738001849502325,0.0121045887470245,0.0923744466155767,0.0171136923017912,0.319378141313791,0.290848585218191,0.354037602990866,0.310818630829453,0.42326625790447,0.379693293198943,0.31111860293895,0.357422180473804,0.208294725418091,0.162033002125099,0.084744805842638,0.132364858966321,0.0994538044091314,0.0974324711598456,0.175559160858393,0.20054592397064,0.228555744932964,0.261112408339977,0.209710662811995,0.177547393739223,0.17523203343153,0.163018075283617,0.189821002818644,0.205692145973444,0.208933205530047,0.258159158751369,0.303943473938853,0.318428373988718,0.371253101527691,0.414781857654452,0.41814553164877,0.42883705686545,0.428037439100444,0.44785516820848,0.366259643062949,0.404052295535803,0.376733453944325,0.386652193684131,0.36057344712317,0.376285042054951,0.491037478484213,0.511987261101604,0.493171088397503,0.502826433628798,0.437555842846632,0.482496160268784,0.450388657301664,0.479534531012177,0.407622580230236,0.334265025798231,0.314485789276659,0.226020417548716,0.237275820504874,0.243639271333814,0.244160699890926,0.291430366411805,0.222815253771842,0.20958852134645,0.103447210043669,0.0956274100579321,0.0768840285483748,0.0996365767437965,0.171952733467333,0.203051454015076,0.248075908794999,0.184443633630872,0.185132513474673,0.138024580106139,0.152323681302369,0.140743326582015,0.18428145009093,0.208249528007582,0.221697723027319,0.232508344762027,0.224131969682639,0.169964418187737,0.14274029864755,-0.00170204788446426,0.138509745523334,0.0948683954775333,0.314621623419225,0.426856165006757,0.443871179409325,0.494880035473034,0.576506143808365,0.812408728897572,0.958143166545778,1.1232257953845,1.08212998695672,0.930255005601794,0.88632081579417,0.69022732321173,0.645038431789726,0.553463776409626,0.582967323550838,0.672271381830797,0.606520015373826,0.743943335209042,0.700647976715118,0.870835622772574,0.780597165971994,0.90784759670496,0.815966676175594,0.990189861506224,0.752925821393728,0.80224159732461,0.734443270415068,0.88013017103076,0.809192385617644,0.865959364175797,0.955238071084022,0.933205685485154,0.9148367844522
-0.0037599116563797,0.00227013090625405,0.049725329130888,-0.00707663297653198,-0.0744378974661231,-0.160423418879509,-0.168901647720486,-0.0776884222403169,0.0161865185946226,0.0757499798579374,0.143199773831293,0.0858022544533014,0.115885993279517,0.0819674970582128,0.101157863205299,0.0846979059278965,0.137567354366183,0.163928628712893,0.12957333214581,0.105554588697851,0.0696813992224634,0.115026942268014,0.103334442526102,0.10348064340651,0.139206958562136,0.0618206693790853,0.0297036515548825,-0.187421315384563,-0.171572856232524,-0.203364190086722,-0.165697363764048,-0.132941668480635,-0.0541099887341261,-0.00444562137126923,-0.0164813879877329,-0.00837309211492538,-0.0406068250536919,-0.00366478469222784,0.0307104259729385,0.0636363047175109,0.0457480879034847,0.0241267977282405,-0.05384003482759,-0.085432007163763,-0.017027597501874,-0.00986723583191633,-0.0287586525082588,-0.116487334296107,-0.0954056143760681,-0.186005877843127,-0.196979459375143,-0.136138964816928,-0.20755787268281,-0.203157118707895,-0.120332793146372,-0.0523378014564514,-0.15486355908215,-0.173564500082284,-0.259154191333801,-0.13293388672173,-0.0282350040972233,-0.0490646950900555,-0.0164561685174704,-0.0554816380143166,-0.0267786914482713,-0.0745039347559214,-0.206104482710361,-0.364739116281271,-0.312463939841837,-0.217059845896438,-0.18588201161474,-0.0381822182331234,-0.0974990092217922,-0.0780008329078555,-0.117033425718546,-0.16349078528583,-0.052185511123389,-0.0368611160665751,0.0353205289691687,0.0706933857873082,0.117533905059099,0.130971947684884,0.221179172862321,0.123654692620039,0.00929657220840454,-0.133312089182436,-0.0462798280641437,0.0838398763909936,0.175623443722725,0.236173692066222,0.278752886503935,0.299155100993812,0.347622496262193,0.264061101898551,0.409392946772277,0.309897582232952,0.133901101723313,0.00347671797499061,-0.0444198325276375,-0.0415231995284557,0.0194967055227607,0.0909914404153824,0.107052997499704,0.214136918634176,0.21358001306653,0.26041327053681,0.209736179187894,0.260206908732653,0.191877145320177,0.351437951717526,0.279485290590674,0.211576797440648,0.299466873891652,0.262998163700104,0.332091728597879,0.413849572651088,0.45430164039135,0.410067654401064,0.405730439722538,0.409736084379256,0.33805647585541,0.315897379256785,0.283152991533279,0.249681779090315,0.27764295078814,0.314185141399503,0.455045947339386,0.524449583608657,0.562822067923844,0.585272107739002,0.514874622318894,0.433911680709571,0.439892256259918,0.438969184085727,0.503751643747091,0.473957633133978,0.376860455796123,0.259445272758603,0.229554103687406,0.239075541589409,0.218013352900743,0.217204071208835,0.157448482513428,0.113286862068344,0.222914005862549,0.169562846561894,0.112532236194238,0.0431062201969326,0.0448999654036015,0.200155631639063,0.222958026826382,0.271130225341767,0.214251352846622,0.166031152382493,0.0699762107804418,0.0575001824647188,0.0504353936295956,0.0779240285046399,0.137172441603616,0.125494042551145,0.205105534289032,0.117246440984309,0.191116049699485,0.0133957047015429,0.0769360312260687,0.0313388879410923,0.146970719099045,0.133789763832465,0.36774957338348,0.450521868653595,0.438936294987798,0.486624384624884,0.649112986773252,0.765818132821005,0.767857460305095,0.820803911238909,0.68610493671149,0.666857430990785,0.570771783962846,0.460054339980707,0.547504799347371,0.560346843115985,0.613278805848677,0.617521927598864,0.594886809354648,0.607265481853392,0.701417111232877,0.677991720475256,0.858487612381577,0.864907595142722,0.964514866471291,0.924633069336414,1.06492980867624,1.05041452646255,1.03114261031151,0.93630596306175,0.994628742337227,0.9768781804014,1.01423721313477,1.01418667882681,0.970830614864826
0.0237550257705152,0.098550682887435,0.0756703387014568,0.07261434905231,-0.0424053130671382,-0.0346208672970533,-0.20791604090482,0.0126862560398877,0.00826464844867587,0.149303033296019,0.14928517267108,0.226736709475517,0.146234900318086,0.137325511313975,0.157059500738978,0.141573562286794,0.201616999786347,0.155401356518269,0.17625040197745,0.156234490312636,0.153999873250723,0.153207282163203,0.187557875458151,0.183775249496102,0.165762620791793,0.226920681446791,0.0638045489031356,-0.0560915216803551,-0.15816535812337,-0.144207276660018,-0.190866112615913,-0.122549107531086,-0.0672402566298842,0.0360527481883764,0.0256267998367548,0.0145883467048407,0.0860660683363676,0.115828363969922,0.150765110272914,0.104352535679936,0.0647995948791504,0.0232507474487647,0.0109967632219195,-0.0318970553576946,-0.009709707275033,-0.0238970976322889,-0.0319664121605456,0.0251515407115221,-0.00531738924328238,-0.0323728409130126,-0.0954087790101767,-0.130580999329686,-0.103942620009184,-0.129646424204111,0.0168168714269996,0.0146119442768395,0.0524464056827128,-0.060163370904047,-0.124434987083077,-0.21827776953578,-0.161330044269562,-0.055941142514348,-0.0563859765417874,-0.00829509571194649,-0.00705036260187626,-0.00270823370665312,-0.112700343132019,-0.254667126946151,-0.362982535082847,-0.419006774574518,-0.282016525231302,-0.280123620852828,-0.161547278799117,-0.144609394297004,-0.0829918987117708,-0.0561762236058712,-0.00230051539838314,0.0910936001688242,0.0447465561330318,0.139354358613491,0.01807009736076,0.00748364524915814,0.0774065661244094,0.101746366359293,0.0540959069505334,0.0881724245846272,0.0851973749697208,0.175224028900266,0.138241600990295,0.214540635794401,0.182446579949465,0.266867109201849,0.26683893352747,0.292182832397521,0.316824398189783,0.220467166882008,0.146030873246491,0.0593556768144481,0.00282228570431471,-0.00820012707263231,0.0859273170121014,0.156490104272962,0.221298836544156,0.260889898985624,0.289547051861882,0.269231741130352,0.305363489873707,0.289629383385181,0.354975526360795,0.394265184924006,0.359077218128368,0.314232955127954,0.418594712018967,0.346116747148335,0.431371628120542,0.558438566327095,0.538046474102885,0.578026264533401,0.526384223997593,0.542002459615469,0.492198244854808,0.457158101769164,0.416742192022502,0.424017757177353,0.352608795557171,0.460868415981531,0.530367208458483,0.571308463485911,0.549483250640333,0.578958886116743,0.441689089592546,0.411260709539056,0.403140095248818,0.397438769042492,0.442863264959306,0.377211517840624,0.287016846984625,0.144717003032565,0.160843750089407,0.167640824150294,0.187436412461102,0.17233469132334,0.112224143987987,0.173364217206836,0.124218655191362,0.239612063625827,0.150319409184158,0.174665376357734,0.0984528627246618,0.108978063426912,0.253817383386195,0.122209266293794,0.132155586685985,0.0251275481656194,0.0382656471803784,0.00946786091662943,-0.012900822609663,-0.0310109145473689,0.11795587028173,0.0675796380033717,0.224302846100181,0.132462586578913,0.0887090381234884,0.0725221281405538,0.0672610141336918,0.168190625868738,0.177155545027927,0.176744802296162,0.354870352288708,0.306642128154635,0.518749760463834,0.593057434819639,0.65757141597569,0.657168362289667,0.584856672491878,0.557609234750271,0.554314085934311,0.575788358505815,0.416506840381771,0.40416932888329,0.448697156924754,0.436150702624582,0.498459266126156,0.519739378709346,0.454383661411703,0.544357773894444,0.483902473608032,0.59100919784978,0.641681751981378,0.716399956541136,0.77026381008327,0.808306850492954,0.852913553640246,0.954764755815268,0.904319974035025,0.895562301762402,0.83137827469036,0.837093154806644,0.874315419793129,0.906537593901157,0.857873589335941
0.0355066318996251,0.0723844549153,0.0712878505699337,0.0210440166294575,0.0342799287289381,-0.0180169968050905,-0.014092194987461,0.0646156867966056,0.0377002344466746,0.123436337895691,0.17904666364193,0.241966234520078,0.237452858127654,0.231134277768433,0.242672228720039,0.229740219004452,0.243802455067635,0.179678993485868,0.240208847075701,0.147302591148764,0.272280594147742,0.109173723496497,0.237459495663643,0.163598862290382,0.267205338738859,0.22893127813004,0.151108476705849,0.0157324645668268,-0.0481988243758678,-0.0223527461290359,-0.0966200358467177,-0.101982904598117,-0.119114117044955,0.0188383887987584,0.0453487291932106,0.0681622540578246,0.189020860940218,0.183548009581864,0.117803309671581,0.101877395063639,0.0421524130739272,0.162155375257134,-0.0038866963237524,-0.00342465899884701,-0.0530465961433947,0.0142962606623769,-0.0228901620954275,0.0118627205491066,0.0792884565889835,0.0638372465036809,0.0247182346880436,-0.0974710449576378,-0.0690797593444586,-0.0419065253343433,0.0330061201006174,0.0898142603109591,0.0716408563777804,0.00118054812774062,-0.0838716950267553,-0.154727114550769,-0.251421132311225,-0.14615642465651,-0.165332018502522,-0.0780309356749058,-0.0687490731477737,-0.00767703484743834,-0.00365902911871672,-0.108428500592709,-0.187250840943307,-0.37401405274868,-0.346605293825269,-0.231750149466097,-0.190657671261579,0.0109622211180977,-0.00350993378087878,0.0930537838488817,0.0657914526527748,0.0707988154143095,0.159701309353113,0.0955884494585916,0.0474304290022701,0.0279020525049418,-0.0579058941453695,0.0682483425363898,0.191043417900801,0.291660538315773,0.345133923366666,0.280741355381906,0.142423019185662,0.11265374571085,0.214524411782622,0.30061606913805,0.207014180440456,0.306226123869419,0.108932529762387,0.0865979135036468,0.100348909199238,-0.0365410324186087,0.0834434915333986,0.103310098778456,0.219523072615266,0.289180658757687,0.32471261434257,0.275894750282168,0.302749566733837,0.331529189646244,0.360542800184339,0.372135583078489,0.423339041572763,0.442225127936399,0.391359791718423,0.483055229671299,0.404472804348916,0.423562847822905,0.480749988555908,0.543248933553696,0.490152569371276,0.599505302682519,0.575936250761151,0.628351824730635,0.582849482446909,0.656111594475806,0.51348583959043,0.486877951025963,0.410183653607964,0.503593760542572,0.426669725030661,0.394903288967907,0.341830209642649,0.232483898475766,0.366676649037981,0.344433328416199,0.331753465626389,0.261148151196539,0.257226837798953,0.303845386765897,0.243588550947607,0.276025026664138,0.177470851782709,0.113408733671531,0.160274595022202,0.120101970434189,0.121277305856347,0.116028031334281,0.0935651436448097,0.167483407713007,0.190483948774636,0.229406227776781,0.182435388665181,0.0806843651458621,0.169345117826015,0.142844193149358,0.120033296942711,0.137419457174838,0.107411276223138,0.100805450510234,0.0323105782270432,0.0426495393738151,0.10981260407716,0.028756919503212,0.152438637707382,0.143754640594125,0.116422774177045,0.0630474718753248,0.136483476310968,0.254315616935492,0.272889551892877,0.240148930624127,0.374620900303125,0.35650981431827,0.496344203129411,0.55835339827463,0.54767428804189,0.3962397186202,0.399798644380644,0.462364991859067,0.39390316978097,0.34353758841753,0.310215118620545,0.306685404293239,0.376812062319368,0.493538266792893,0.625058769155294,0.570267837215215,0.654018822126091,0.61946160979569,0.532821386726573,0.601177846838254,0.525009520351887,0.7133255247958,0.4974444484571,0.570935749169439,0.449497427791357,0.566821752209216,0.55739889042452,0.573995671886951,0.519981169700623,0.466712308954447,0.50542263770476,0.553148285672069,0.540876431018114
0.0731615705415607,0.0534540647640824,0.0792232842650265,0.0252466870471835,0.110274243354797,0.123250818252563,0.163795707002282,0.161673348210752,0.13810662557371,0.142510051839054,0.293921492993832,0.321991069056094,0.363143084943295,0.455748665332794,0.393845968972892,0.477847599051893,0.326913704536855,0.393321036064299,0.278602438606322,0.235006045829505,0.27405005581677,0.200265099073295,0.178094217088073,0.166914806328714,0.238534831814468,0.211074766796082,0.253368593007326,0.149129365524277,0.0706723631126806,0.132440916635096,0.12406547293067,0.0728163350373507,-0.0707107208669186,-0.123061480373144,-0.0161700613796711,0.0667525950819254,0.0429173856973648,0.0572124662809074,-0.0127816863358021,0.0604474211111665,0.0646937236189842,0.141898625344038,0.0682230496779084,0.0150684909895062,0.0245824810117483,0.033662498742342,0.0523373382166028,-0.0176009174436331,0.105493924580514,0.137152802944183,0.121292056003585,0.0756006648298353,0.0683587333187461,0.0162261016666889,-0.0920807477086782,-0.0805338761361782,-0.0283613694831729,-0.0395284865051508,-0.0899032120825723,-0.135587710514665,-0.227796332351863,-0.188667035847902,-0.219554580561817,-0.157915237452835,-0.159882844239473,-0.0647884669713676,-0.0812804233282804,-0.0469774964265525,-0.113231691345572,-0.197027726611123,-0.176163448765874,-0.0484528600238264,-0.0368510525673628,0.0191763838753104,0.0771287307143211,0.0846557321958244,0.0818197612650692,0.136404915200546,0.112637617439032,0.112725728563964,0.126547693321481,0.0880348977632821,0.247325076954439,0.274237441830337,0.446925638150424,0.478114238381386,0.415702726691961,0.332960065454245,0.24483233615756,0.341479565761983,0.194245984219015,0.137475635483861,0.0785955920815468,0.116208703070879,0.00678029078990221,-0.028707835264504,0.0765160825802013,0.0334797367453575,0.157150523550808,0.175083837658167,0.216472774744034,0.15659827273339,0.124443706031889,0.111325080692768,0.142869414016604,0.182453918084502,0.227430417248979,0.234671106503811,0.329942703992128,0.413941518589854,0.36649928316474,0.518292709626257,0.388253467716277,0.347314004972577,0.456835264264373,0.378045963123441,0.51954040825367,0.551571577787399,0.639789031492546,0.696170667745173,0.684562787786126,0.657428631838411,0.652432733029127,0.564667994715273,0.54986709356308,0.467381078749895,0.33821227196604,0.255101020634174,0.164778588339686,0.141373636759818,0.16523156594485,0.144056219421327,0.123337746690959,0.100278214178979,0.0272126434603706,0.0378481317311525,0.0468632793985307,0.11810177732259,0.0923104133456945,0.0620426382869482,0.0592567272484303,0.0666275015100837,0.100286994548514,0.102296396438032,0.138778627081774,0.10851824991405,0.210283714532852,0.255479248799384,0.159163239691406,0.152203736267984,0.208006810373627,0.18907633186318,0.203779667895287,0.20362649243325,0.26423306366778,0.240687447227538,0.166601941513363,0.134185464330949,0.184058077260852,0.126174345053732,0.11086097874213,0.195745564205572,0.220174665004015,0.217067203111947,0.333798451162875,0.339369766972959,0.298983431793749,0.231287262775004,0.299536283686757,0.26471816059202,0.532230642717332,0.58168434612453,0.404542243713513,0.347871618252248,0.446614604070783,0.447906305175275,0.465380142536014,0.450772819947451,0.426697250083089,0.456358740478754,0.541265355050564,0.662099348753691,0.656804700102657,0.658968094565353,0.606357571668923,0.556739319488406,0.567909427918494,0.528200316149741,0.538306140527129,0.549772290512919,0.400012912880629,0.410991902649403,0.329309634119272,0.367067337408662,0.36798894405365,0.372529155761003,0.322158621251583,0.245169116184115,0.263568422850221,0.280399833805859,0.30822020880878
0.0454987552016973,0.0920607510954142,0.126059800060466,0.171214344538748,0.175370881706476,0.22432178594172,0.243896270170808,0.243228738754988,0.269260824099183,0.24891636967659,0.452254407852888,0.467737238109112,0.549862555228174,0.487788498215377,0.587038492783904,0.512279199622572,0.553999268030748,0.414089323184453,0.436531792674214,0.381914163171314,0.256799269281328,0.230014002555981,0.170265387557447,0.217057797964662,0.273331004194915,0.263501909188926,0.331663673836738,0.195538785122335,0.175165561959147,0.0908018164336681,0.152918337658048,0.0845717712305486,-0.0309693409129977,-0.0788457586430013,-0.101162017323077,-0.0194479823112488,-0.0152123106643558,-0.0186112355440855,0.0939974434673786,0.0625928762834519,0.0931765464134514,-0.0780162857845426,0.00798500934615731,-0.00794890597462654,-0.0063094861805439,-0.0585836865007877,0.00840732306241989,0.0360091335140169,0.0365621834993362,0.102938466519117,0.104389018798247,0.036825674911961,0.128081113474036,-0.00197054999880493,-0.0855586836114526,-0.226710751047358,-0.156378634925932,-0.0482545888051391,-0.0820949951710645,-0.112011635082308,-0.206740819825791,-0.173369514942169,-0.227501780353487,-0.24008571812883,-0.252240963152144,-0.180284982547164,-0.193883910775185,-0.0478868507314473,-0.0990918970666826,0.0430871620774269,0.019503054022789,0.0555985756218433,0.063494286313653,0.022244530543685,0.104975248873234,0.0521348924608901,0.119561979174614,0.197714621573687,0.000558881834149361,0.0504622306674719,0.138373533496633,0.184161467850208,0.470408310182393,0.425967163569294,0.484823869448155,0.404649687558413,0.427858570963144,0.30268078520894,0.449434586334974,0.369594415277243,0.250745587609708,0.0961055986583233,-0.00531630469486117,-0.0623891525203362,0.0987995969131589,0.140092176198959,0.136477734521031,0.257493205368519,0.282745240908116,0.347054890543222,0.139159355871379,0.0111090699210763,-0.104947357997298,-0.00262908844742924,0.00523276124149561,0.113976819440722,0.0826682339422405,0.16844650930725,0.240125964768231,0.282910694926977,0.380999420437729,0.479193889722228,0.449465886829421,0.499443862959743,0.47424793690443,0.474101849831641,0.604034528310876,0.548469583690167,0.564287931472063,0.533494028076529,0.607574032247067,0.591872866079211,0.625958641245961,0.612753905076534,0.540398345142603,0.40657453481108,0.342439359240234,0.257901125214994,0.19411990842782,0.155311735346913,0.107218738194206,0.147231144830585,0.150352264475077,0.149028960056603,0.0839117940544384,-0.0712255403399467,0.0313523135147989,-0.00222630063071847,0.0874998208135366,0.0730738773476332,0.0418157748412341,0.0675616334192455,0.130599016882479,0.153110662195832,0.11383633967489,0.181773522868752,0.0929740821011364,0.117333904001862,0.0980670686811209,0.150596171244979,0.2195736752823,0.243853195849806,0.336901632137597,0.333672517538071,0.511840664129704,0.504489735350944,0.449816025048494,0.339473142661154,0.340718639269471,0.267969097942114,0.186317815631628,0.293247576057911,0.30171111067757,0.517428044788539,0.360590905323625,0.257641231268644,0.249044329300523,0.188072615396231,0.283322255313396,0.27665969338268,0.475550575228408,0.350823560543358,0.366125732474029,0.419292225316167,0.417991539649665,0.469825260713696,0.416001018835232,0.497741226479411,0.548231465741992,0.6435741096735,0.732083638757467,0.755809758906253,0.57829904188402,0.58332121388521,0.554867565259337,0.623727851547301,0.521420266479254,0.600927917659283,0.374276437982917,0.279351759061683,0.370404600747861,0.416819582879543,0.426559433527291,0.45634046420455,0.368672909960151,0.399254297278821,0.321803315728903,0.302854796405882,0.301112843677402,0.288670027302578,0.328347723931074
0.0611400338821113,0.0809294456616044,0.168826191499829,0.171432735770941,0.181224466860294,0.204357665032148,0.286589953303337,0.279165184125304,0.295670972485095,0.363837323710322,0.414034884795547,0.554065085574985,0.556028405204415,0.527518134191632,0.572635697945952,0.583906942122849,0.703239828161895,0.731549518369138,0.621110897371545,0.594613495841622,0.493880914524198,0.48628834374249,0.431459752842784,0.500433651357889,0.45177346393466,0.256203788332641,0.308559948438779,0.188735595275648,0.0964685643091798,-0.166288971411996,-0.187234191223979,-0.141271427087486,-0.0346880031749606,-0.0502446428814437,-0.0115849753841758,0.0375160939991474,0.125665850844234,0.167006025835872,0.129500940721482,0.141401418298483,0.102989276661538,-0.0155454767867923,-0.042239678488113,-0.0443851392716169,-0.026365065202117,0.00201223641633987,0.0314324073493481,0.145052909851074,0.0470811462029815,-0.0457960985600948,0.0062122174538672,-0.0523780152201653,-0.0287278453353792,-0.0496086458675563,-0.0786001801490784,-0.167738260608166,-0.221519631519914,-0.047851499915123,-0.0480596743524075,0.00866205506026745,-0.0195217303931713,-0.0623629443347454,-0.0907336682081223,-0.190651300922036,-0.225253915041685,-0.286642032116652,-0.178846450895071,-0.181597146205604,-0.0586248584091663,0.0365963930264115,0.0352511327713728,0.0361945601180196,0.061769063398242,0.0126750255702063,0.146765289828181,0.114099422097206,0.195025924034417,0.143658805079758,0.10998116992414,0.0704460982233286,0.236288659647107,0.361210817098618,0.404648320004344,0.423362550884485,0.394007539004087,0.414222127012908,0.35427508354187,0.427189014479518,0.293479071930051,0.311327124759555,0.242289922269993,0.171193440258503,0.147657253593206,0.139668993651867,0.256612621992826,0.331836893036962,0.304273698292673,0.438416950777173,0.374990625865757,0.402391624171287,0.200380045548081,0.148244698904455,0.106038097664714,0.171723312884569,0.1953558659181,0.238433673977852,0.210268381796777,0.248309381306171,0.167733589559793,0.207181898504496,0.268726763315499,0.283835032675415,0.31749602407217,0.374272093176842,0.408185228519142,0.515030817128718,0.532386914640665,0.439204436913133,0.487484608218074,0.452496876195073,0.507002758793533,0.517176754586399,0.562610323540866,0.626449686288834,0.453285585343838,0.350647805631161,0.294103318965062,0.254078401252627,0.156708430871367,0.0768856973387301,0.148031222866848,0.124381069774972,0.165201220661402,0.143591488245875,0.0964510366553441,0.0203032799065113,0.102165094576776,0.0442748679313809,0.0779547426849604,0.0652353368233889,0.0101356971077621,-0.0211895676096901,0.0760730165988207,0.0285836874973029,0.0385655395686626,0.0610502736642957,0.0906947338022292,0.0593039590865374,0.134704838879406,0.227000433206558,0.199715988710523,0.324301742576063,0.39971232615062,0.524813546449877,0.571846679598093,0.602204275177792,0.574787489930168,0.498325253510848,0.434498718194664,0.288940835557878,0.272753104753792,0.194374455272919,0.348250538110733,0.341144710371736,0.32196381771937,0.217893800372258,0.214002407900989,0.208550751232542,0.31667801849544,0.312298111245036,0.235116789478343,0.242209291481413,0.337797289993614,0.31802863467019,0.427345201186836,0.403085387684405,0.468714826833457,0.474916057172231,0.638209396973252,0.683090931922197,0.71983805372729,0.620259909611195,0.618872789666057,0.614170081913471,0.701565512269735,0.611335884779692,0.630430125072598,0.556683663092554,0.438366550207138,0.370051893638447,0.474382124375552,0.482875052466989,0.523264000657946,0.474761742725968,0.433559807389975,0.397258537448943,0.399893576279283,0.413707987032831,0.387447646167129,0.390915448273881,0.401596151548438
0.269203579530586,0.253000049293041,0.144861579313874,0.100219025462866,0.0821403294801712,0.172270257782657,0.20810472369194,0.288728436687961,0.219942678138614,0.339113584160805,0.303434419119731,0.464734922349453,0.450024810433388,0.510888329707086,0.466082354635,0.553373197466135,0.647465258836746,0.896113134175539,0.90826081931591,0.955640783160925,1.01260398020968,0.954714979231358,0.906456876918673,0.664970302581787,0.451915374398231,0.259623527154326,0.195557580888271,0.131341863051057,0.0389241196215153,-0.137277400307357,-0.318927007913589,-0.211916223913431,-0.0174657916650176,-0.0158344759605825,0.110985254868865,0.106361493229633,0.22238112676423,0.18379079233855,0.135944798588753,0.0951065010391176,0.159047966038634,0.0918179832398891,0.162848852900788,0.128088956791908,0.173367653042078,0.155748575041071,0.205204173922539,0.155767402704805,0.166480876971036,-0.048436348233372,-0.0257520051207393,-0.038342397310771,-0.0754141423851252,-0.061067555937916,-0.0345633413642645,0.0441472174599767,0.0260601019486785,0.110603129118681,0.159196579223499,0.255947518721223,0.214069258142263,0.127462666109204,0.0574857462197542,-0.0268812878057361,-0.157479405961931,-0.252240022690967,-0.21723412219435,-0.231095891818404,-0.122275515180081,-0.129109894856811,-0.0148179963231087,-0.00128582511097193,-0.0179067180491984,0.0292892624805972,-0.00256707742810249,-0.0353234935551882,0.0146344486624002,0.0739946018904448,0.0662075934931636,0.277512042596936,0.186947711184621,0.383318706974387,0.254989520087838,0.355627408437431,0.258772177249193,0.263695259392262,0.263664562441409,0.301493939012289,0.279635841399431,0.358253391087055,0.310413833707571,0.297001295536757,0.470394204556942,0.406984598189592,0.474950564280152,0.497802844643593,0.511813800036907,0.561703122779727,0.491755610704422,0.325633735768497,0.361357405781746,0.31309717502445,0.258629302727059,0.260104303434491,0.222732719779015,0.200578165240586,0.21478649713099,0.215541373286396,0.170605076849461,0.205841965973377,0.158109736675397,0.173342569626402,0.196439273096621,0.241494015976787,0.329846381954849,0.404990010196343,0.424617465771735,0.444531435519457,0.495241311565042,0.479088478349149,0.539127852767706,0.496806651726365,0.543663522601128,0.550930160284042,0.487869604676962,0.388599263783544,0.275562697835267,0.232402421161532,0.200256529077888,0.231198176066391,0.212072422076017,0.167058719694614,0.154894199967384,0.139915876835585,0.0851006377488375,0.214352452196181,0.202392833912745,0.211916523729451,0.125080886576325,0.0982044965203386,0.0440553094609641,0.0394130913540721,0.0577709045261145,-0.0103356689214706,0.0467254016548395,0.0992856225464493,0.115410294756293,0.140857798233628,0.15443726289086,0.226761427894235,0.220476678432897,0.228838292416185,0.292985445074737,0.329225596599281,0.373467167466879,0.418263741998817,0.407766351383179,0.416832775622606,0.346402637660503,0.239545723609626,0.249834679558262,0.175887271435931,0.154540512058884,0.179646438732743,0.230976565508172,0.300186326587573,0.247747500799596,0.248950489610434,0.341962200030684,0.264161239378154,0.251156101425295,0.284091580566019,0.281277791591128,0.292281028837897,0.323674231208861,0.390093620400876,0.391852694936097,0.523783710040152,0.55456923507154,0.673430220782757,0.58890920188278,0.572697803378105,0.718613184243441,0.78140144571662,0.723897986486554,0.673613183200359,0.675620317086577,0.548314660228789,0.647700584703125,0.63029068717733,0.57128320671618,0.51942514013499,0.506596862338483,0.454300587749458,0.42048118961975,0.360952803678811,0.364260146580636,0.353028961573727,0.3313135296572,0.314957035705447,0.314106953889132
0.372852905839682,0.325121760740876,0.231243680045009,0.208016389980912,0.167044668179005,0.262445380352437,0.246967072039843,0.299106423184276,0.215612390637398,0.324144961312413,0.314852491952479,0.325619427487254,0.491106848418713,0.526555576175451,0.559386965632439,0.555131590366364,0.71459369957447,0.851706922799349,1.167822727561,1.27780817896128,1.31856645494699,1.23929076567292,1.16903223991394,0.717774744471535,0.586902833357453,0.489384539425373,0.250816246133763,0.0738662625197321,0.118821450625546,0.0590889977291226,-0.0479110507294536,-0.0746139211580157,0.074251502007246,0.14536631568335,0.152326307492331,0.173856077343225,0.23857380868867,0.220362383499742,0.242061593569815,0.142931601032615,0.248805039795116,0.278611236438155,0.33474093452096,0.368055068189278,0.31271852129139,0.319831518083811,0.265417098952457,0.215836509130895,0.293462405000173,0.205380557477474,0.23518333574757,0.0943876603618264,0.0856027787551284,0.0352152214298258,0.0993448892608285,0.206203606538475,0.306322761252522,0.34627155456692,0.412868017656729,0.578503030911088,0.284742459282279,0.232956108124927,0.0953094474971294,0.0725404536351562,-0.0574589308351278,-0.198522539064288,-0.183552870713174,-0.189189754426479,-0.141509992070496,-0.103722606413066,0.0346946824342012,0.0058144542388618,0.0358264056965709,0.0531109496951103,0.0182575397193432,-0.0714468900114298,0.0372624458745122,0.00977791249752045,0.119940628798213,0.139444519206882,0.323811324872077,0.382395541667938,0.400417545996606,0.406082109361887,0.346088151074946,0.308213556557894,0.314604800194502,0.265606728941202,0.444193256646395,0.400712056457996,0.420139657333493,0.437899871938862,0.463534049130976,0.461766253225505,0.418980188667774,0.434536998346448,0.464715450257063,0.502044089604169,0.481041396223009,0.364970409311354,0.389893165102694,0.364325558021665,0.344182303454727,0.302689808560535,0.216260356176645,0.175443869270384,0.192573348619044,0.181240450963378,0.162275081500411,0.108937177574262,0.0532201232970692,0.0962773304432631,0.178018573485315,0.230631197802722,0.281664265785366,0.312791034765542,0.357953942939639,0.416171527653933,0.41499465405941,0.342505862261169,0.449891171604395,0.456611562147737,0.393806452304125,0.387533247470856,0.428379422985017,0.419389286823571,0.363327982090414,0.308137402310967,0.414686838816851,0.416705322265625,0.409279561787844,0.317331502959132,0.447762999776751,0.435206942493096,0.384524779487401,0.417857507336885,0.366581713687628,0.330684477463365,0.276134005468339,0.179182132519782,0.117067553848028,0.101505043869838,0.0654296186752617,-0.0157761137001216,0.0588181748986244,0.11292487597093,0.122992704133503,0.149446095526218,0.101658546738327,0.144041740242392,0.142883399280254,0.147616542689502,0.182318390160799,0.240402293205261,0.248179547768086,0.287562692537904,0.326698099076748,0.399543863069266,0.310854190029204,0.235434397537028,0.218843457475305,0.173400587792275,0.100201191008091,0.186294106207788,0.245145880803466,0.304752600006759,0.451467527076602,0.41652164675761,0.399148817360401,0.324987832945771,0.177754625864327,0.193445595726371,0.252997310599312,0.246276163309813,0.1941276605241,0.242661530524492,0.387058973591775,0.433624405413866,0.630464632064104,0.639041393250227,0.67494108825922,0.69413183555007,0.739035145193338,0.731035435199738,0.699620889499784,0.714936245977879,0.629983989987522,0.620803996734321,0.585756016336381,0.591007946105674,0.495589447394013,0.468027993565192,0.389578963350505,0.331440805643797,0.306686363369226,0.22311723344028,0.258234721235931,0.231764673814178,0.200196945667267,0.160570541583002,0.159004940741579
0.295159703120589,0.261961028911173,0.311206010729075,0.307419627159834,0.33797613363713,0.355896848626435,0.37071046307683,0.344982102513313,0.357610361278057,0.339000404626131,0.305447094328701,0.229353658575565,0.394245105981827,0.481604681909084,0.636797042191029,0.635825587809086,0.765265028178692,0.845986191183329,0.931638236343861,1.03303215652704,1.0517557144165,1.17311256974936,1.00798185020685,0.983955811709166,0.782336668297648,0.492655492061749,0.283233642950654,0.0702656852357904,0.165394972637296,0.226435399055481,0.208137738506775,0.250795512460172,0.16082172729075,0.236277433995565,0.260842904867604,0.337362908106297,0.286952514573932,0.344064605794847,0.305258367955685,0.383065939880908,0.440333583950996,0.565869952831417,0.466390231439436,0.469756649434567,0.450274390447885,0.451176879554987,0.366462386772037,0.430381363676861,0.366488623991609,0.376072305813432,0.410834381077439,0.292886365391314,0.313407160481438,0.304317697021179,0.302188695594668,0.367826389148831,0.517340776498895,0.497134828846902,0.599364950601011,0.494652759283781,0.270469690207392,0.142099466174841,0.0571372327161953,0.0153959680348635,0.0135520097333938,-0.0718635758385062,-0.117721632588655,-0.137291373498738,-0.0684154415503144,-0.0218082273378968,0.128083721362054,0.070915225893259,0.179908847622573,0.0517784899333492,0.129261675383896,0.0827167751966044,0.0433187139220536,0.0860456937924027,0.169137880392373,0.321841545403004,0.340861235791817,0.326393974199891,0.380264646373689,0.383112406730652,0.377004200220108,0.412090504914522,0.24494154676795,0.374819731432945,0.381799606233835,0.434991694241762,0.337051709555089,0.356728126481175,0.188945317268372,0.210523817501962,0.155188873689622,0.189002780616283,0.166263348516077,0.30766343427822,0.307987093366683,0.432167192548513,0.331101868953556,0.352787211164832,0.399260267242789,0.379437753930688,0.349409339297563,0.342941401945427,0.335807664413005,0.27835573554039,0.212460747361183,0.158132638037205,0.0641653856262565,0.194819894805551,0.177762390393764,0.20288934170967,0.189376368373632,0.22966579310596,0.309385211579502,0.345787859335542,0.408747327700257,0.457695427909493,0.381929718423635,0.364559501409531,0.335394732640998,0.328233974985778,0.329917747981381,0.381439124420285,0.426841190084815,0.470414967276156,0.529910401150119,0.603024696931243,0.569570007268339,0.631570000201464,0.4477396403905,0.389259541779757,0.382830026838928,0.332657334581017,0.256488058064133,0.173449080949649,0.196129383146763,0.152450090274215,0.0855982600245625,-0.0202136471867561,0.0408076979219913,0.0810408386227209,0.0701252993196249,0.097114822268486,0.0885845720767975,0.120073651894927,0.132902126759291,0.124356623739004,0.175692913634703,0.157115710526705,0.209675319865346,0.272322531882674,0.279794968850911,0.286743141012266,0.321344609092921,0.387011880869977,0.358157899323851,0.325097809545696,0.2534762612544,0.178132048285624,0.17722240909934,0.240309208910912,0.374897217564285,0.500011485815048,0.597435272345319,0.553924150019884,0.458809187449515,0.215080941445194,0.257502401759848,0.313252295181155,0.290971737168729,0.286258445680141,0.230473809875548,0.259292874392122,0.404212035983801,0.601600264012814,0.643683709204197,0.730132028460503,0.664119609445333,0.635542657226324,0.672695453837514,0.664162548258901,0.724698588997126,0.66853157505393,0.644263186119497,0.587955250311643,0.56340084662661,0.526461711153388,0.51813161727041,0.542882693587308,0.439899206720293,0.39570989201311,0.293788958340883,0.293988773226738,0.175102069880813,0.128426618594676,0.0591063112020493,0.0301503147929907,0.0483608286827803
0.303786796145141,0.265270556509495,0.284355514822528,0.295928746089339,0.319031439162791,0.337766262982041,0.356980816926807,0.387915082927793,0.418541517481208,0.429163671284914,0.317709447070956,0.294767992943525,0.367589921271428,0.495000271499157,0.617963553965092,0.554150825366378,0.52317341119051,0.621380436420441,0.606934143602848,0.592186856269836,0.610966334864497,0.713404792547226,0.752991731464863,0.827873110957444,0.937539804726839,0.572561383619904,0.551403021812439,0.356593521870673,0.47932940274477,0.496273252018727,0.567923997528851,0.526016830746084,0.55023948373273,0.553628339606803,0.678758002072573,0.603621513489634,0.564114558696747,0.46973360106349,0.573305445723236,0.638321204669774,0.711217905953527,0.780272977077402,0.729742079228163,0.693425838602707,0.719775262475014,0.634102594852447,0.653237427957356,0.601515507698059,0.633022271096706,0.644615676533431,0.594485347159207,0.559856739081442,0.475199552299455,0.483617627504282,0.524653461808339,0.654585200827569,0.671730403602123,0.697614353150129,0.564245612360537,0.41617904077284,0.274928377289325,0.162227805145085,0.0591678225900978,0.0139789671171457,0.00164552377536893,-0.0467196323908865,-0.059161427244544,-0.0387723471969366,-0.0055922687985003,0.122788425534964,0.117793487757444,0.182089008018374,0.151930513605475,0.198038669489324,0.140541945025325,0.0814904106780887,0.103873951733112,0.144235849007964,0.298690017312765,0.476706443727016,0.378891076147556,0.447938027977943,0.382713862136006,0.468332316353917,0.431713149696589,0.548127526417375,0.408559143240564,0.573042252892628,0.276650359667838,0.270062449201942,0.192182993353344,0.0654740178957582,0.0820622056722641,-0.0884486155118793,-0.0849684610962868,-0.123270658915862,-0.0448570678941905,0.0582622136920691,0.123586048558354,0.225668353587389,0.272387447045185,0.272537299245596,0.273075410723686,0.31068151104846,0.363587042829022,0.395437521580607,0.355263168364763,0.399979766085744,0.341755329351872,0.353825849294662,0.276997763197869,0.434027977986261,0.268414621381089,0.31646957360208,0.206981996563263,0.234928410500288,0.286710962466896,0.402995674032718,0.35163400452584,0.507768922299147,0.389685379341245,0.348310124874115,0.313704871665686,0.289268322475255,0.255150360614061,0.392480150796473,0.401364441774786,0.481210673227906,0.454147584736347,0.573003680258989,0.483242139965296,0.594184200325981,0.326195627357811,0.212498303817119,0.220868450403214,0.197623047046363,0.125285389833152,0.0751762617379427,0.0763460624963045,0.0559484160272405,0.0354720150120556,0.0204142902977765,0.0573234040290117,0.0906560544855893,0.0998150081373751,0.125905871391296,0.149187365639955,0.190324201062322,0.204931567236781,0.266050994768739,0.175431927311001,0.195722619816661,0.193328031897545,0.19750201664865,0.233603122271597,0.240068829711527,0.247021234501153,0.364440877735615,0.365755323210033,0.433967816457152,0.38813385500107,0.422447149595246,0.373539222963154,0.477390126045793,0.512912549078465,0.639225335372612,0.552402018383145,0.602877786103636,0.635937837511301,0.538860636204481,0.401099915336817,0.290556047204882,0.334674817882478,0.264031701628119,0.350611164420843,0.431942915171385,0.46507883220911,0.670034296810627,0.701103474199772,0.727282940596342,0.576477466151118,0.580297759920359,0.493800705764443,0.583588618226349,0.476501323096454,0.517811921890825,0.502563384920359,0.476136086636689,0.494407681934535,0.427485507633537,0.480312617775053,0.447305040806532,0.40209206212312,0.351844502193853,0.274308698391542,0.270607018843293,0.146548283938318,0.119198266882449,0.0547461178153753,0.0717688740231097,0.0369335555238649
